NAME,POS,GP,GS,QS,ERA,W,L,SV,HLD,IP,H,ER,HR,BB,K,K/9,WHIP,WAR
Tarik SkubalDET,SP,29,29,21,2.5,16,4,0,0,180,137,50,15,33,214,10.7,0.94,6
Chris SaleATL,SP,27,27,17,2.38,16,3,0,0,166.2,131,44,8,35,213,11.5,1,5.9
Hunter GreeneCIN,SP,24,24,13,2.83,9,4,0,0,143.1,93,45,11,53,162,10.2,1.02,5.7
Erick FeddeSTL/CHW,SP,28,28,11,3.39,8,9,0,0,159.1,138,60,20,49,138,7.8,1.17,5.3
Paul SkenesPIT,SP,20,20,14,2.1,10,2,0,0,120,88,28,10,31,151,11.3,0.99,5.2
Zack WheelerPHI,SP,29,29,23,2.6,15,6,0,0,179.2,125,52,18,49,199,10,0.97,5.1
Reynaldo LopezATL,SP,24,24,13,2.03,8,5,0,0,128.2,106,29,10,42,137,9.6,1.15,5
Seth LugoKC,SP,30,30,21,2.94,16,8,0,0,193,165,63,15,45,169,7.9,1.09,4.8
Tyler AndersonLAA,SP,28,28,12,3.5,10,12,0,0,167.1,139,65,21,67,132,7.1,1.23,4.2
Cole RagansKC,SP,30,30,19,3.32,11,9,0,0,173.1,139,64,15,60,211,11,1.15,4.1
Emmanuel ClaseCLE,RP,67,0,0,0.67,4,2,44,0,67.1,37,5,2,8,60,8,0.67,4.1
Framber ValdezHOU,SP,26,26,16,2.91,14,6,0,0,163.2,127,53,11,51,159,8.7,1.09,4.1
Tanner ScottSD/MIA,RP,64,0,0,1.55,9,5,20,8,64,37,11,3,33,74,10.4,1.09,3.9
Ronel BlancoHOU,SP,27,26,12,2.99,10,6,0,0,150.1,102,50,21,62,149,8.9,1.09,3.7
Michael KingSD,SP,29,28,13,3.06,12,9,0,0,161.2,136,55,17,60,191,10.6,1.21,3.6
Jack FlahertyDET/LAD,SP,25,25,14,2.86,12,6,0,0,148,121,47,21,29,180,10.9,1.01,3.6
Garrett CrochetCHW,SP,29,29,11,3.83,6,11,0,0,134,115,57,18,32,191,12.8,1.1,3.5
Luis GilNYY,SP,26,26,10,3.18,13,6,0,0,135.2,89,48,13,70,156,10.3,1.17,3.4
Logan WebbSF,SP,30,30,19,3.46,12,9,0,0,189.2,187,73,10,46,157,7.4,1.23,3.4
Raisel IglesiasATL,RP,57,0,0,1.18,5,1,31,0,61,29,8,2,11,62,9.1,0.66,3.3
Aaron NolaPHI,SP,29,29,18,3.41,12,7,0,0,177,164,67,26,45,167,8.5,1.18,3.3
Tanner HouckBOS,SP,28,28,19,3.24,8,10,0,0,169.2,151,61,11,47,150,8,1.17,3.3
Brady SingerKC,SP,29,29,12,3.42,9,10,0,0,163.1,158,62,17,46,153,8.4,1.25,3.2
Luis OrtizPIT,RP,34,12,5,3.26,6,5,1,1,118.2,95,43,13,37,90,6.8,1.11,3.2
Dylan CeaseSD,SP,30,30,14,3.71,12,11,0,0,170,126,70,18,60,205,10.9,1.09,3.2
Michael WachaKC,SP,26,26,14,3.34,12,7,0,0,151,139,56,16,40,130,7.7,1.19,3.1
Andrew AbbottCIN,SP,25,25,9,3.72,10,10,0,0,138,127,57,25,52,114,7.4,1.3,3.1
Ranger SuarezPHI,SP,24,24,11,3.05,12,6,0,0,138.2,124,47,11,33,134,8.7,1.13,3
Kirby YatesTEX,RP,56,0,0,1.27,6,2,30,2,56.2,23,8,3,25,81,12.9,0.85,3
Sean ManaeaNYM,SP,29,29,13,3.35,11,5,0,0,164,120,61,18,60,171,9.4,1.1,3
Cristopher SanchezPHI,SP,28,28,16,3.33,10,9,0,0,165,168,61,8,37,135,7.4,1.24,2.9
Max FriedATL,SP,26,26,13,3.46,9,9,0,0,153.2,136,59,13,51,144,8.4,1.22,2.9
Mitch KellerPIT,SP,28,28,14,3.85,11,9,0,0,163.2,165,70,20,42,153,8.4,1.26,2.8
Bryan WooSEA,SP,19,19,10,2.38,8,2,0,0,105.2,77,28,11,10,82,7,0.82,2.8
Bailey OberMIN,SP,27,27,17,3.77,12,6,0,0,155,113,65,22,39,162,9.4,0.98,2.8
Ryan HelsleySTL,RP,60,0,0,2.19,7,4,44,0,61.2,48,15,3,23,72,10.5,1.15,2.8
Tyler HoltonDET,RP,59,7,0,2.23,6,1,7,12,84.2,53,21,6,14,65,6.9,0.79,2.8
Bryce MillerSEA,SP,29,29,16,3.12,11,8,0,0,167.1,127,58,21,39,158,8.5,0.99,2.7
Logan GilbertSEA,SP,29,29,22,3.15,7,11,0,0,185.2,130,65,20,33,191,9.3,0.88,2.7
Shota ImanagaCHC,SP,27,27,17,3.03,13,3,0,0,160.1,138,54,26,25,159,8.9,1.02,2.7
Nick MartinezCIN,RP,39,13,3,3.46,8,6,0,7,122.1,118,47,13,18,98,7.2,1.11,2.7
Hunter GaddisCLE,RP,70,0,0,1.49,4,3,0,32,66.2,36,11,4,14,61,8.2,0.75,2.6
Ryan WalkerSF,RP,70,1,0,1.82,9,3,7,21,74.1,47,15,4,16,95,11.5,0.85,2.6
Griffin JaxMIN,RP,66,0,0,1.95,4,4,8,24,64.2,42,14,3,15,84,11.7,0.88,2.6
Michael LorenzenTEX/KC,SP,24,23,9,3.43,7,6,0,0,126,100,48,17,58,92,6.6,1.25,2.5
Javier AssadCHC,SP,26,26,6,3.14,7,5,0,0,131.2,121,46,16,56,111,7.6,1.34,2.5
Jose BerriosTOR,SP,29,29,19,3.52,15,9,0,0,176.1,154,69,28,48,139,7.1,1.15,2.4
Austin GomberCOL,SP,27,27,11,4.5,5,10,0,0,152,156,76,27,36,108,6.4,1.26,2.4
Pablo LopezMIN,SP,29,29,17,3.88,15,8,0,0,169.1,157,73,23,35,183,9.7,1.13,2.4
Bryan HudsonMIL,RP,43,0,0,1.73,6,1,0,14,62.1,28,12,7,17,62,9,0.72,2.4
Nathan EovaldiTEX,SP,26,26,14,3.67,11,8,0,0,152,128,62,22,36,150,8.9,1.08,2.4
Zac GallenARI,SP,25,25,11,3.55,12,6,0,0,132,118,52,9,49,133,9.1,1.27,2.4
Kutter CrawfordBOS,SP,30,30,14,4.09,8,14,0,0,167.1,136,76,31,45,155,8.3,1.08,2.4
Tanner BibeeCLE,SP,28,28,9,3.56,11,7,0,0,154,133,61,20,41,166,9.7,1.13,2.4
JP SearsOAK,SP,29,29,12,4.18,11,10,0,0,163.2,152,76,22,43,123,6.8,1.19,2.4
Tobias MyersMIL,SP,23,22,7,2.93,7,5,0,0,120,106,39,17,33,112,8.4,1.16,2.3
David PetersonNYM,SP,18,18,10,2.98,9,2,0,0,102.2,97,34,8,42,83,7.3,1.35,2.3
Mason MillerOAK,RP,48,0,0,2.34,1,2,24,0,57.2,30,15,4,19,91,14.2,0.85,2.3
Albert SuarezBAL,SP,29,21,6,3.39,8,5,0,1,119.1,115,45,11,39,95,7.2,1.29,2.3
Jason AdamSD/TB,RP,66,0,0,1.91,7,2,4,25,66,35,14,5,19,76,10.4,0.82,2.3
Corbin BurnesBAL,SP,29,29,20,3.18,13,8,0,0,175.1,158,62,21,43,157,8.1,1.15,2.3
Joe RyanMIN,SP,23,23,13,3.6,7,7,0,0,135,110,54,19,23,147,9.8,0.99,2.3
Nestor CortesNYY,SP,30,29,12,3.9,9,10,0,0,168.1,158,73,24,36,156,8.3,1.15,2.3
Jake IrvinWSH,SP,30,30,15,4.19,10,12,0,0,172,160,80,26,44,145,7.6,1.19,2.2
Hunter BrownHOU,SP,29,28,17,3.59,11,8,0,0,158,148,63,17,56,168,9.6,1.29,2.2
Carlos EstevezPHI/LAA,RP,50,0,0,2.26,4,4,25,0,51.2,33,13,5,9,48,8.4,0.81,2.2
Sonny GraySTL,SP,27,27,13,3.75,13,9,0,0,160.2,133,67,21,39,195,10.9,1.07,2.2
Clarke SchmidtNYY,SP,12,12,2,2.34,5,3,0,0,65.1,53,17,6,21,69,9.5,1.13,2.2
Simeon Woods RichardsonMIN,SP,25,25,7,3.96,5,4,0,0,125,109,55,14,43,106,7.6,1.22,2.2
Robert SuarezSD,RP,58,0,0,2.48,8,3,32,1,58,45,16,5,14,54,8.4,1.02,2.2
Cade SmithCLE,RP,69,0,0,2.06,6,1,1,25,70,48,16,1,17,93,12,0.93,2.2
Jose SorianoLAA,SP,22,20,9,3.42,6,7,0,1,113,91,43,8,45,97,7.7,1.2,2.2
Tyler GlasnowLAD,SP,22,22,14,3.49,9,6,0,0,134,92,52,15,35,168,11.3,0.95,2.1
Jeff HoffmanPHI,RP,62,0,0,1.79,3,2,10,20,60.1,44,12,5,15,81,12.1,0.98,2.1
Jared JonesPIT,SP,19,19,11,3.82,6,7,0,0,108.1,89,46,16,31,115,9.6,1.11,2.1
Matt StrahmPHI,RP,60,0,0,2.06,6,2,3,15,56.2,34,13,4,11,69,11,0.79,2.1
Bailey FalterPIT,SP,25,25,8,4.2,8,7,0,0,128.2,125,60,15,39,89,6.2,1.27,2
Zach EflinBAL/TB,SP,25,25,11,3.65,10,8,0,0,148,151,60,19,17,125,7.6,1.14,2
Cal QuantrillCOL,SP,26,26,12,4.63,8,9,0,0,138,139,71,20,57,103,6.7,1.42,2
Trevor WilliamsWSH,SP,11,11,1,2.22,5,0,0,0,56.2,45,14,2,16,47,7.5,1.08,2
Jose ButtoNYM,RP,27,7,3,2.67,7,3,3,3,70.2,41,21,6,38,72,9.2,1.12,2
Gavin StoneLAD,SP,25,25,10,3.53,11,5,0,0,140.1,133,55,18,37,116,7.4,1.21,1.9
Mitch SpenceOAK,SP,32,21,4,4.33,7,9,0,1,137.1,144,66,17,41,113,7.4,1.35,1.9
Luis CastilloSEA,SP,30,30,18,3.64,11,12,0,0,175.1,158,71,25,47,175,9,1.17,1.9
Justin SteeleCHC,SP,22,22,11,3.09,5,5,0,0,128,105,44,11,34,131,9.2,1.09,1.9
Hogan HarrisOAK,SP,16,9,3,2.67,4,3,0,0,64,56,19,6,31,51,7.2,1.36,1.9
Zack LittellTB,SP,26,26,8,3.89,6,9,0,0,138.2,154,60,21,31,122,7.9,1.33,1.8
David RobertsonTEX,RP,60,0,0,2.81,3,3,2,31,64,49,20,4,22,93,13.1,1.11,1.8
Freddy PeraltaMIL,SP,29,29,11,3.81,10,8,0,0,158.1,133,67,25,60,179,10.2,1.22,1.8
Justin MartinezARI,RP,56,0,0,2.39,5,5,8,8,64,50,17,2,32,81,11.4,1.28,1.8
Yoshinobu YamamotoLAD,SP,15,15,7,2.88,6,2,0,0,78,66,25,6,17,92,10.6,1.06,1.8
Tayler ScottHOU,RP,60,1,0,2,7,3,0,8,67.1,42,15,6,33,70,9.4,1.11,1.8
Ryan WeathersMIA,SP,13,13,6,3.55,3,5,0,0,71,61,28,8,20,67,8.5,1.14,1.8
Andres MunozSEA,RP,54,0,0,2.18,2,6,20,6,53.2,28,13,6,25,70,11.7,0.99,1.8
Luis SeverinoNYM,SP,28,28,12,3.74,10,6,0,0,166,151,69,19,56,144,7.8,1.25,1.7
Kyle GibsonSTL,SP,27,27,12,4.2,8,6,0,0,154.1,146,72,19,59,143,8.3,1.33,1.7
Ben JoyceLAA,RP,31,1,0,2.08,2,0,4,8,34.2,26,8,1,14,33,8.6,1.15,1.7
Jonathan CannonCHW,SP,20,18,6,4.56,3,10,1,0,106.2,115,54,15,34,74,6.2,1.4,1.7
Nick PivettaBOS,SP,24,23,10,4.24,5,10,0,0,129.1,115,61,25,32,156,10.9,1.14,1.7
Gerrit ColeNYY,SP,14,14,6,3.36,6,4,0,0,75,69,28,11,24,85,10.2,1.24,1.7
Reese OlsonDET,SP,19,19,9,3.23,4,8,0,0,103,91,37,6,31,92,8,1.18,1.7
Osvaldo BidoOAK,SP,16,9,4,3.41,5,3,0,1,63.1,43,24,3,26,63,9,1.09,1.7
Bryan HoeingSD/MIA,RP,30,2,0,1.98,2,3,0,3,50,40,11,3,13,41,7.4,1.06,1.6
JoJo RomeroSTL,RP,62,0,0,2.65,7,2,1,30,57.2,48,17,7,14,51,8,1.08,1.6
Ryan PepiotTB,SP,23,23,8,3.76,8,6,0,0,115,93,48,16,42,119,9.3,1.17,1.6
Joe JimenezATL,RP,60,0,0,2.55,1,5,3,25,60,40,17,2,20,69,10.4,1,1.6
Jose QuintanaNYM,SP,28,28,10,4.09,8,9,0,0,152,140,69,22,59,118,7,1.31,1.6
Tim HerrinCLE,RP,67,0,0,2.03,5,0,0,14,57.2,35,13,2,25,55,8.6,1.04,1.6
Edwin UcetaTB,RP,25,0,0,1.49,2,0,2,5,36.1,23,6,2,6,51,12.6,0.8,1.6
Ryne NelsonARI,SP,27,25,12,4.33,10,6,0,0,147.2,154,71,17,34,125,7.6,1.27,1.6
Carlos RodonNYY,SP,29,29,15,4.21,14,9,0,0,158.1,143,74,28,50,181,10.3,1.22,1.5
Luke WeaverNYY,RP,57,0,0,3.17,5,3,1,22,76.2,49,27,10,25,86,10.1,0.97,1.5
Jameson TaillonCHC,SP,25,25,13,3.57,10,8,0,0,146.1,143,58,20,28,113,6.9,1.17,1.5
Alex VesiaLAD,RP,61,0,0,1.82,3,4,5,13,59.1,30,12,6,29,77,11.7,0.99,1.5
Spencer SchwellenbachATL,SP,17,17,8,3.78,5,7,0,0,97.2,90,41,12,19,107,9.9,1.12,1.5
Orion KerkeringPHI,RP,57,2,0,2.06,4,2,0,13,56.2,45,13,2,14,65,10.3,1.04,1.5
Shane BazTB,SP,11,11,5,3.28,2,3,0,0,60.1,48,22,7,24,50,7.5,1.19,1.4
Derek LawWSH,RP,67,0,0,2.89,7,4,1,14,81,78,26,7,21,65,7.2,1.22,1.4
Buck FarmerCIN,RP,54,1,0,3.05,3,1,0,1,65,51,22,7,27,64,8.9,1.2,1.4
Joey EstesOAK,SP,22,21,8,4.36,7,7,0,1,117.2,109,57,18,24,88,6.7,1.13,1.4
Andrew HeaneyTEX,SP,29,28,7,3.84,5,13,0,0,145.1,135,62,19,39,149,9.2,1.2,1.4
Ben LivelyCLE,SP,26,26,9,4.01,11,9,0,0,137,127,61,23,43,110,7.2,1.24,1.4
Andrew KittredgeSTL,RP,66,0,0,2.86,4,4,1,33,63,52,20,9,19,60,8.6,1.13,1.4
Jakob JunisCIN/MIL,RP,22,4,0,2.73,4,0,1,0,56,43,17,7,7,42,6.8,0.89,1.4
Bryan AbreuHOU,RP,72,0,0,3.27,2,3,1,35,71.2,57,26,8,31,97,12.2,1.23,1.4
Jared KoenigMIL,RP,48,5,0,2.29,8,3,1,8,55,48,14,4,18,57,9.3,1.2,1.4
Yu DarvishSD,SP,13,13,3,3.52,5,3,0,0,64,56,25,9,17,62,8.7,1.14,1.3
Will VestDET,RP,62,0,0,2.86,3,4,1,10,63,57,20,2,17,58,8.3,1.17,1.3
Grayson RodriguezBAL,SP,20,20,11,3.86,13,4,0,0,116.2,109,50,15,36,130,10,1.24,1.3
Dylan LeeATL,RP,45,0,0,1.83,4,2,0,7,54,43,11,5,15,66,11,1.07,1.3
Blake SnellSF,SP,18,18,8,3.52,3,3,0,0,92,62,36,6,41,124,12.1,1.12,1.3
Cole SandsMIN,RP,54,0,0,2.95,7,1,4,5,64,52,21,6,9,72,10.1,0.95,1.3
A.J. PukMIA/ARI,RP,53,4,0,3.14,4,8,2,13,63,45,22,3,25,76,10.9,1.11,1.3
Kyle FinneganWSH,RP,59,0,0,3.41,3,6,36,0,58,54,22,9,20,56,8.7,1.28,1.3
George KirbySEA,SP,30,30,17,3.77,11,11,0,0,172,171,72,22,22,166,8.7,1.12,1.3
Kevin KellyTB,RP,62,0,0,2.92,3,2,1,15,64.2,57,21,7,8,57,7.9,1.01,1.2
Michael KopechCHW/LAD,RP,61,0,0,3.65,5,8,13,8,61.2,40,25,8,31,81,11.8,1.15,1.2
Porter HodgeCHC,RP,34,0,0,1.66,3,1,5,9,38,17,7,1,17,46,10.9,0.89,1.2
Valente BellozoMIA,SP,10,10,2,3.57,2,3,0,0,53,50,21,10,18,35,5.9,1.28,1.2
Landon KnackLAD,SP,11,9,2,3,2,3,1,0,54,39,18,10,13,52,8.7,0.96,1.2
Bowden FrancisTOR,RP,25,11,6,3.5,8,4,0,0,92.2,66,36,16,20,82,8,0.93,1.2
Marcus StromanNYY,SP,28,28,9,4.07,10,8,0,0,148.1,152,67,18,60,109,6.6,1.43,1.2
Brayan BelloBOS,SP,27,27,10,4.7,13,7,0,0,147.1,146,77,19,58,140,8.6,1.38,1.2
Andre PallanteSTL,SP,26,17,5,4.13,6,8,0,1,102.1,98,47,8,45,77,6.8,1.4,1.2
Kenley JansenBOS,RP,51,0,0,3.48,4,2,26,0,51.2,38,20,4,18,59,10.3,1.08,1.2
Spencer TurnbullPHI,RP,17,7,2,2.65,3,0,0,1,54.1,37,16,6,20,58,9.6,1.05,1.2
Tyler RogersSF,RP,71,0,0,2.94,3,4,1,29,64.1,62,21,6,4,47,6.6,1.03,1.2
Jordan HicksSF,SP,28,20,3,3.9,4,7,1,2,108.1,108,47,12,46,95,7.9,1.42,1.2
Charlie MortonATL,SP,27,27,11,4.11,8,8,0,0,149,139,68,21,57,155,9.4,1.32,1.1
Hunter StricklandLAA,RP,65,0,0,3.38,3,1,1,11,66.2,49,25,9,21,52,7,1.05,1.1
Dylan FloroARI/WSH,RP,65,0,0,3.24,6,4,0,11,66.2,60,24,3,15,47,6.3,1.13,1.1
Chris FlexenCHW,SP,30,27,9,5.26,2,14,0,0,143.2,161,84,22,58,105,6.6,1.52,1.1
Matt WaldronSD,SP,26,26,10,4.79,7,11,0,0,142.2,137,76,19,40,130,8.2,1.24,1.1
Yennier CanoBAL,RP,64,0,0,2.78,4,2,5,32,55,49,17,6,21,59,9.7,1.27,1.1
A.J. MinterATL,RP,39,0,0,2.62,5,4,1,9,34.1,24,10,6,11,35,9.2,1.02,1.1
Nick LodoloCIN,SP,21,21,8,4.76,9,6,0,0,115.1,101,61,13,37,122,9.5,1.2,1.1
Blake TreinenLAD,RP,43,0,0,2.27,6,3,1,12,39.2,33,10,5,10,48,10.9,1.08,1.1
Scott AlexanderOAK,RP,38,0,0,2.48,1,2,0,9,32.2,26,9,2,11,23,6.3,1.13,1.1
Tyson MillerSEA/CHC,RP,51,0,0,2.45,4,1,0,11,55,37,15,6,11,49,8,0.87,1.1
Ryan FernandezSTL,RP,55,0,0,3.13,1,4,2,11,60.1,47,21,4,30,62,9.2,1.28,1.1
Colin ReaMIL,SP,28,25,8,4.21,12,5,0,0,154,149,72,27,39,123,7.2,1.22,1.1
Kevin GinkelARI,RP,65,0,0,2.8,8,3,5,16,64.1,59,20,4,14,69,9.7,1.13,1.1
Calvin FaucherMIA,RP,53,0,0,3.19,2,3,6,11,53.2,49,19,0,26,63,10.6,1.4,1.1
Jorge AlcalaMIN,RP,49,0,0,3.27,4,3,0,16,52.1,38,19,7,18,48,8.3,1.07,1.1
Rhett LowderCIN,SP,3,3,1,0.59,1,1,0,0,15.1,11,1,0,8,12,7,1.24,1.1
Brent SuterCIN,RP,42,3,0,3.36,0,0,1,2,59,54,22,9,10,47,7.2,1.08,1
Garrett CleavingerTB,RP,64,0,0,3.38,7,4,5,13,56,48,21,5,29,66,10.6,1.38,1
Collin SniderSEA,RP,37,0,0,1.49,3,3,0,8,36.1,30,6,4,11,41,10.2,1.13,1
Ryan ThompsonARI,RP,59,0,0,3.2,7,4,2,23,59,58,21,5,13,48,7.3,1.2,1
Jeremiah EstradaSD,RP,54,0,0,3.13,5,2,1,13,54.2,40,19,4,21,85,14,1.12,1
Kyle BradishBAL,SP,8,8,2,2.75,2,0,0,0,39.1,27,12,2,15,53,12.1,1.07,1
Brandon PfaadtARI,SP,28,28,12,4.42,9,8,0,0,165,165,81,20,36,160,8.7,1.22,1
Martin PerezPIT/SD,SP,23,23,8,4.46,4,5,0,0,121,139,60,20,43,96,7.1,1.5,1
Zack KellyBOS,RP,48,3,0,3.49,6,3,0,8,56.2,43,22,10,25,61,9.7,1.2,1
Ryan YarbroughTOR/LAD,RP,40,0,0,3.4,5,2,1,1,87.1,62,33,10,31,52,5.4,1.06,1
Adrian MorejonSD,RP,52,0,0,3.1,2,1,1,10,58,56,20,4,20,66,10.2,1.31,1
Yusei KikuchiTOR/HOU,SP,29,29,9,4.31,8,9,0,0,156.2,155,75,23,40,183,10.5,1.24,1
Jesus TinocoTEX/CHC/MIA,RP,27,0,0,3.15,1,0,1,6,34.1,21,12,3,11,38,10,0.93,1
Manuel RodriguezTB,RP,36,0,0,2.08,3,4,2,8,34.2,24,8,2,11,32,8.3,1.01,1
Victor VodnikCOL,RP,57,0,0,3.92,3,3,9,6,66.2,65,29,5,32,60,8.1,1.46,1
Cam BooserBOS,RP,42,0,0,2.98,2,2,1,6,42.1,40,14,4,15,42,8.9,1.3,1
DJ HerzWSH,SP,16,16,2,3.82,3,7,0,0,75.1,63,32,10,29,93,11.1,1.22,1
Frankie MontasCIN/MIL,SP,27,27,9,4.49,7,10,0,0,138.1,126,69,18,59,128,8.3,1.34,0.9
Trevor RogersBAL/MIA,SP,25,25,3,4.92,2,11,0,0,124.1,140,68,14,56,97,7,1.58,0.9
Josh HaderHOU,RP,63,0,0,3.41,7,7,29,0,63.1,37,24,12,22,93,13.2,0.93,0.9
Edward CabreraMIA,SP,17,17,4,4.88,4,6,0,0,83,73,45,14,43,90,9.8,1.4,0.9
Taj BradleyTB,SP,22,22,9,4.4,6,10,0,0,122.2,108,60,22,41,137,10.1,1.21,0.9
Devin WilliamsMIL,RP,17,0,0,1.62,0,0,11,0,16.2,9,3,1,9,31,16.7,1.08,0.9
Ben BrownCHC,SP,15,8,2,3.58,1,3,0,1,55.1,41,22,5,19,64,10.4,1.08,0.9
Carson FulmerLAA,RP,32,8,2,4.15,0,5,0,0,80.1,68,37,11,37,79,8.9,1.31,0.9
Lucas ErcegOAK/KC,RP,56,0,0,3.54,2,5,11,18,56,45,22,3,15,64,10.3,1.07,0.9
Matthew BoydCLE,SP,6,6,3,2.18,2,1,0,0,33,23,8,3,7,35,9.5,0.91,0.9
Trevor MegillMIL,RP,42,0,0,2.9,1,3,20,5,40.1,31,13,4,10,46,10.3,1.02,0.9
Davis MartinCHW,SP,9,8,2,4.14,0,4,0,0,41.1,40,19,5,16,39,8.5,1.35,0.9
Bryse WilsonMIL,RP,34,9,2,4.04,5,4,0,0,104.2,102,47,20,31,82,7.1,1.27,0.9
Pierce JohnsonATL,RP,51,0,0,3.42,5,4,2,11,50,42,19,4,23,59,10.6,1.3,0.9
Garrett WhitlockBOS,SP,4,4,0,1.96,1,0,0,0,18.1,14,4,1,7,17,8.3,1.15,0.9
Jeffrey SpringsTB,SP,7,7,1,3.27,2,2,0,0,33,34,12,5,11,37,10.1,1.36,0.9
Justin AndersonCHW,RP,49,0,0,4.07,1,1,0,5,48.2,42,22,5,27,51,9.4,1.42,0.8
Tommy KahnleNYY,RP,45,0,0,1.83,0,1,0,15,39.1,27,8,4,17,42,9.6,1.12,0.8
Jose QuijadaLAA,RP,17,0,0,1.13,1,0,0,5,16,7,2,1,9,17,9.6,1,0.8
Jesus LuzardoMIA,SP,12,12,4,5,3,6,0,0,66.2,61,37,9,22,58,7.8,1.25,0.8
Dedniel NunezNYM,RP,25,0,0,2.31,2,0,1,9,35,24,9,3,8,48,12.3,0.91,0.8
Jesse ChavezATL,RP,45,0,0,3.06,2,2,0,1,61.2,57,21,10,19,53,7.7,1.23,0.8
Jorge LopezCHC/NYM,RP,50,0,0,3,2,3,4,9,51,46,17,6,19,47,8.3,1.27,0.8
Joe MusgroveSD,SP,16,16,7,4.54,5,5,0,0,81.1,82,41,13,22,78,8.6,1.28,0.8
Cody PoteetNYY,SP,4,4,1,2.14,3,0,0,0,21,15,5,2,7,13,5.6,1.05,0.8
Justin SlatenBOS,RP,39,0,0,3.22,5,2,1,12,50.1,40,18,4,9,51,9.1,0.97,0.8
Bryce JarvisARI,RP,44,0,0,3.19,1,2,0,4,59.1,52,21,6,33,38,5.8,1.43,0.8
Taylor RogersSF,RP,58,0,0,2.65,1,4,0,8,54.1,50,16,7,21,60,9.9,1.31,0.8
Tony SantillanCIN,RP,22,1,0,2.25,2,2,0,3,24,13,6,3,8,38,14.3,0.88,0.8
Pete FairbanksTB,RP,46,0,0,3.57,3,3,23,1,45.1,36,18,4,17,44,8.7,1.17,0.8
Alec MarshKC,SP,23,22,5,4.66,7,8,0,0,116,108,60,17,34,105,8.1,1.22,0.8
Daniel HudsonLAD,RP,58,0,0,2.57,6,2,10,17,56,39,16,7,16,54,8.7,0.98,0.8
Michael KellyOAK,RP,28,0,0,2.59,3,2,0,4,31.1,27,9,2,10,22,6.3,1.18,0.8
Sam MollCIN,RP,48,0,0,3.35,3,2,0,11,37.2,27,14,3,14,38,9.1,1.09,0.8
Keegan AkinBAL,RP,59,0,0,3.44,3,1,0,5,70.2,50,27,8,17,87,11.1,0.95,0.8
Eduardo SalazarLAD/WSH,RP,19,0,0,1.13,0,1,0,1,24,22,3,1,13,23,8.6,1.46,0.8
River RyanLAD,SP,4,4,0,1.33,1,0,0,0,20.1,15,3,1,9,18,8,1.18,0.8
Sam LongKC,RP,37,0,0,2.7,3,1,1,6,36.2,28,11,4,16,37,9.1,1.2,0.8
Jose UrenaTEX,RP,32,9,3,3.69,5,8,1,0,107.1,103,44,13,38,68,5.7,1.31,0.7
Danny CoulombeBAL,RP,29,0,0,2.42,1,0,1,13,26,13,7,3,3,28,9.7,0.62,0.7
JT ChargoisSEA/MIA,RP,30,0,0,2.3,2,1,0,1,31.1,22,8,5,12,26,7.5,1.09,0.7
Eli MorganCLE,RP,25,0,0,1.93,2,0,0,2,32.2,24,7,2,8,29,8,0.98,0.7
John MeansBAL,SP,4,4,2,2.61,2,0,0,0,20.2,16,6,2,2,16,7,0.87,0.7
Shane BieberCLE,SP,2,2,2,0,2,0,0,0,12,10,0,0,1,20,15,0.92,0.7
Jake CousinsNYY,RP,35,0,0,2.41,2,1,1,7,37.1,20,10,5,19,51,12.3,1.04,0.7
Seth MartinezHOU,RP,42,0,0,3.04,3,2,1,3,50.1,43,17,7,18,34,6.1,1.21,0.7
Yuki MatsuiSD,RP,61,0,0,3.84,4,2,0,9,61,44,26,8,26,66,9.7,1.15,0.7
Mitchell ParkerWSH,SP,27,27,11,4.24,7,9,0,0,142.1,142,67,17,39,127,8,1.27,0.7
Brant HurterDET,RP,7,1,0,3,4,1,0,1,33,27,11,3,4,29,7.9,0.94,0.7
Aaron BummerATL,RP,51,0,0,3.31,4,3,0,1,51.2,56,19,1,16,66,11.5,1.39,0.7
Kaleb OrtHOU,RP,16,0,0,1.33,1,1,0,1,20.1,9,3,3,3,20,8.9,0.59,0.7
Jared ShusterCHW,RP,35,3,0,4.66,1,4,0,2,65.2,71,34,9,29,49,6.7,1.52,0.7
Declan CroninMIA,RP,51,0,0,4.43,3,3,0,6,65,69,32,0,22,66,9.1,1.4,0.7
Sean HjelleSF,RP,51,0,0,3.68,3,4,0,4,73.1,71,30,10,11,68,8.3,1.12,0.7
Joe MantiplyARI,RP,66,2,0,3.59,6,2,1,14,52.2,46,21,1,16,45,7.7,1.18,0.7
Hunter StrattonPIT,RP,36,0,0,3.58,2,1,1,5,37.2,37,15,3,7,33,7.9,1.17,0.7
Dennis SantanaPIT/NYY,RP,55,0,0,4.2,3,1,3,6,64.1,55,30,4,19,63,8.8,1.15,0.7
Phil MatonTB/NYM,RP,64,0,0,3.81,2,3,3,17,56.2,43,24,7,23,53,8.4,1.16,0.7
Alex FaedoDET,RP,37,6,0,3.61,5,3,0,8,57.1,49,23,9,28,55,8.6,1.34,0.7
Grant HolmesATL,RP,21,4,1,3.86,2,1,0,1,53.2,56,23,5,11,54,9.1,1.25,0.6
Jacob WebbBAL,RP,53,0,0,3.08,1,5,2,12,49.2,34,17,4,24,53,9.6,1.17,0.6
John McMillonMIA,RP,10,0,0,1.5,2,1,0,2,12,7,2,1,5,13,9.8,1,0.6
Jason FoleyDET,RP,62,0,0,3.15,3,6,22,8,54.1,48,19,5,19,40,6.6,1.23,0.6
Emilio PaganCIN,RP,34,1,0,3.67,4,4,1,6,34.1,35,14,5,10,41,10.7,1.31,0.6
Enoli ParedesMIL,RP,14,0,0,1.08,1,0,1,3,16.2,9,2,0,8,12,6.5,1.02,0.6
John KingSTL,RP,51,0,0,3.09,3,3,0,7,55.1,54,19,5,11,36,5.9,1.17,0.6
Anthony BenderMIA,RP,52,0,0,4.27,5,2,0,11,46.1,47,22,3,13,52,10.1,1.29,0.6
Joel PayampsMIL,RP,60,0,0,3.44,3,7,6,17,52.1,37,20,7,17,48,8.3,1.03,0.6
Cody BradfordTEX,SP,12,11,7,3.97,5,3,0,0,65.2,53,29,10,10,60,8.2,0.96,0.6
T.J. McFarlandOAK,RP,72,0,0,3.78,2,3,0,17,52.1,49,22,4,15,34,5.8,1.22,0.6
Carmen MlodzinskiPIT,RP,32,4,0,3.56,2,5,0,4,43,36,17,3,15,37,7.7,1.19,0.6
Bryan KingHOU,RP,23,0,0,2.05,1,0,0,0,22,13,5,1,9,27,11,1,0.6
Drew SmylyCHC,RP,44,0,0,3.09,3,6,0,9,55.1,48,19,9,22,52,8.5,1.27,0.6
Chris BassittTOR,SP,29,29,12,4.2,10,13,0,0,163,170,76,18,60,164,9.1,1.41,0.6
Marco GonzalesPIT,SP,7,7,2,4.54,1,1,0,0,33.2,43,17,5,11,23,6.1,1.6,0.6
Kyle HarrisonSF,SP,24,24,9,4.56,7,7,0,0,124.1,125,63,18,42,118,8.5,1.34,0.6
Hans CrouseLAA,RP,25,0,0,2.84,4,3,0,1,25.1,14,8,2,17,34,12.1,1.22,0.6
Colin HoldermanPIT,RP,48,0,0,3.2,3,5,0,18,45,37,16,6,23,49,9.8,1.33,0.6
Aaron CivaleMIL/TB,SP,28,28,7,4.57,6,8,0,0,145.2,145,74,26,47,136,8.4,1.32,0.5
Keegan ThompsonCHC,RP,19,0,0,2.42,2,1,2,1,26,15,7,2,14,33,11.4,1.12,0.5
Robert GasserMIL,SP,5,5,2,2.57,2,0,0,0,28,28,8,2,1,16,5.1,1.04,0.5
Brenan HanifeeDET,RP,15,2,0,1.83,0,1,0,4,19.2,18,4,2,3,14,6.4,1.07,0.5
Brooks RaleyNYM,RP,8,0,0,0,1,0,0,4,7,2,0,0,3,9,11.6,0.71,0.5
Jon GrayTEX,SP,23,19,7,4.47,5,6,0,0,102.2,107,51,11,28,86,7.5,1.31,0.5
Brennan BernardinoBOS,RP,57,3,0,4.06,4,3,0,14,51,50,23,6,22,56,9.9,1.41,0.5
Colin PocheTB,RP,39,0,0,3.67,1,2,2,17,34.1,26,14,7,13,31,8.1,1.14,0.5
Erik MillerSF,RP,65,10,0,3.59,4,5,0,12,62.2,43,25,7,34,79,11.3,1.23,0.5
Spencer BivensSF,RP,21,2,0,3.07,3,1,0,1,41,37,14,8,9,28,6.1,1.12,0.5
Andrew ChafinTEX/DET,RP,58,0,0,3.48,4,2,1,12,51.2,48,20,5,27,67,11.7,1.45,0.5
Clay HolmesNYY,RP,60,0,0,3.28,3,5,29,0,57.2,56,21,3,19,63,9.8,1.3,0.5
Yimi GarciaSEA/TOR,RP,39,0,0,3.46,3,0,5,13,39,23,15,6,12,49,11.3,0.9,0.5
Merrill KellyARI,SP,10,10,4,4.26,4,0,0,0,57,55,27,10,16,44,6.9,1.25,0.5
Chad GreenTOR,RP,49,0,0,3.49,4,6,16,7,49,36,19,8,14,43,7.9,1.02,0.5
Austin AdamsOAK,RP,56,0,0,3.92,1,2,0,22,41.1,38,18,4,23,53,11.5,1.48,0.5
Brandon WilliamsonCIN,SP,3,2,0,2.08,0,0,0,0,13,7,3,2,3,11,7.6,0.77,0.5
Sean GuentherDET,RP,10,0,0,0.82,1,0,0,1,11,4,1,0,1,6,4.9,0.45,0.5
Jose MarteLAA,RP,14,0,0,2.33,0,0,0,2,19.1,14,5,1,10,14,6.5,1.24,0.5
Bryan SammonsDET,RP,6,0,0,3.62,1,1,0,0,27.1,16,11,6,9,18,5.9,0.91,0.5
Anthony BandaLAD,RP,46,1,0,3.23,2,2,2,9,47.1,44,17,5,18,50,9.5,1.31,0.5
Kolby AllardPHI,SP,4,3,0,3.5,2,0,0,0,18,22,7,5,2,13,6.5,1.33,0.4
Roansy ContrerasPIT/LAA,RP,45,3,0,4.3,2,4,2,1,60.2,55,29,9,28,53,7.9,1.37,0.4
Josh WinckowskiBOS,RP,34,6,0,4.05,4,2,2,3,66.2,68,30,9,23,49,6.6,1.37,0.4
Luis PeraltaCOL,RP,8,0,0,0,0,0,0,0,7.1,3,0,0,3,9,11,0.82,0.4
Seranthony DominguezPHI/BAL,RP,57,0,0,3.98,3,4,10,5,54.1,45,24,11,16,65,10.8,1.12,0.4
Landen RouppSF,RP,20,1,0,3.44,0,1,0,1,36.2,29,14,1,19,36,8.8,1.31,0.4
Max ScherzerTEX,SP,8,8,3,3.89,2,4,0,0,39.1,35,17,6,8,38,8.7,1.09,0.4
Paul BlackburnOAK/NYM,SP,14,14,7,4.66,5,4,0,0,75.1,76,39,12,21,59,7,1.29,0.4
Brent HoneywellPIT/LAD,RP,15,1,0,2.83,1,1,1,1,28.2,26,9,3,9,16,5,1.22,0.4
Alex YoungCIN/NYM,RP,13,0,0,0.82,0,0,0,1,11,10,1,0,4,9,7.4,1.27,0.4
Dean KremerBAL,SP,22,22,9,4.1,7,9,0,0,118.2,100,54,15,49,113,8.6,1.26,0.4
Hunter BiggeCHC/TB,RP,13,1,0,0.75,0,0,0,0,12,10,1,0,4,15,11.3,1.17,0.4
Ryan BrasierLAD,RP,24,2,0,3.09,1,0,0,6,23.1,17,8,3,3,17,6.6,0.86,0.4
Matt BowmanSEA/BAL/ARI/MIN,RP,18,0,0,3.6,1,0,0,3,25,16,10,3,12,18,6.5,1.12,0.4
Jose RuizPHI,RP,45,0,0,3.65,3,1,0,0,44.1,41,18,7,13,47,9.5,1.22,0.4
Daysbel HernandezATL,RP,11,0,0,1.42,2,0,0,0,12.2,9,2,0,6,17,12.1,1.18,0.4
Reed GarrettNYM,RP,48,0,0,3.35,7,5,4,13,53.2,44,20,6,27,78,13.1,1.32,0.4
Sam HentgesCLE,RP,25,0,0,3.04,0,0,0,9,23.2,18,8,3,5,27,10.3,0.97,0.4
Cristian JavierHOU,SP,7,7,3,3.89,3,1,0,0,34.2,30,15,4,19,27,7,1.41,0.4
Drew RasmussenTB,RP,11,3,0,2.79,0,1,0,3,19.1,16,6,0,5,22,10.2,1.09,0.4
Elvis PegueroMIL,RP,52,0,0,2.98,7,4,2,11,51.1,52,17,4,27,47,8.2,1.54,0.4
Kevin GausmanTOR,SP,28,28,14,4.09,12,11,0,0,163,152,74,20,50,150,8.3,1.24,0.4
Joe RossMIL,SP,19,10,2,3.74,2,6,0,0,65,61,27,5,22,55,7.6,1.28,0.4
Chad KuhlCHW,RP,27,1,0,4.89,0,2,1,1,49.2,49,27,5,21,51,9.2,1.41,0.4
Jose AlvaradoPHI,RP,61,0,0,3.92,2,5,13,9,57.1,45,25,6,26,59,9.3,1.24,0.4
Vinny NittoliOAK/BAL,RP,9,0,0,1.5,0,1,0,1,12,10,2,1,2,8,6,1,0.4
Michael McGreevySTL,SP,1,1,1,1.29,1,0,0,0,7,5,1,0,1,3,3.9,0.86,0.4
Nick SandlinCLE,RP,63,1,0,3.78,8,0,1,9,52.1,38,22,10,25,63,10.8,1.2,0.4
Brady BassoOAK,RP,4,1,1,1.93,0,0,0,0,9.1,6,2,1,1,9,8.7,0.75,0.4
Nick BurdiNYY,RP,12,0,0,1.86,1,0,0,3,9.2,5,2,1,9,12,11.2,1.45,0.4
Scott BlewettMIN,RP,6,0,0,0.77,0,0,0,0,11.2,10,1,1,3,11,8.5,1.11,0.4
Danny YoungNYM,RP,36,0,0,3.18,4,0,0,6,34,22,12,2,16,45,11.9,1.12,0.4
Luke LittleCHC,RP,30,1,0,3.46,3,1,0,3,26,15,10,1,18,28,9.7,1.27,0.4
Huascar BrazobanMIA/NYM,RP,33,0,0,3.52,1,3,0,5,46,32,18,2,21,46,9,1.15,0.4
Sean ReynoldsSD,RP,9,0,0,0.82,0,0,0,0,11,10,1,0,5,21,17.2,1.36,0.3
David FestaMIN,SP,11,10,1,5.08,2,6,0,0,51.1,48,29,9,16,62,10.9,1.25,0.3
Jonathan LoaisigaNYY,RP,3,0,0,0,1,0,0,0,4,7,0,0,1,3,6.8,2,0.3
Tyler FergusonOAK,RP,40,0,0,4.15,3,2,2,7,43.1,29,20,4,22,53,11,1.18,0.3
Blake WalstonARI,SP,3,2,0,2.84,0,0,0,0,12.2,9,4,0,9,11,7.8,1.42,0.3
Ethan RobertsCHC,RP,14,0,0,2.33,0,0,0,0,19.1,21,5,1,7,20,9.3,1.45,0.3
Angel ChivilliCOL,RP,23,0,0,3.75,1,2,1,5,24,23,10,6,4,18,6.8,1.13,0.3
Cole SulserTB/NYM,RP,9,2,0,3.14,1,0,0,1,14.1,8,5,1,9,15,9.4,1.19,0.3
Justin WilsonCIN,RP,55,0,0,4.53,1,5,2,11,43.2,45,22,8,10,49,10.1,1.26,0.3
Tanner BanksPHI/CHW,RP,57,1,0,3.68,2,2,2,7,66,61,27,6,21,73,10,1.24,0.3
Casey MizeDET,SP,19,19,6,4.47,2,6,0,0,94.2,110,47,11,23,71,6.8,1.4,0.3
Adam OllerMIA,SP,5,5,1,5.4,1,3,0,0,26.2,21,16,4,16,24,8.1,1.39,0.3
Jacob LatzTEX,RP,46,0,0,3.71,2,3,0,9,43.2,39,18,6,27,40,8.2,1.51,0.3
AJ Smith-ShawverATL,SP,1,1,0,0,0,0,0,0,4.1,3,0,0,2,4,8.3,1.15,0.3
Lucas SimsBOS/CIN,RP,54,0,0,4.57,1,6,1,16,45.1,39,23,8,27,47,9.3,1.46,0.3
Rob ZastryznyMIL,RP,9,3,0,1.17,1,0,0,0,7.2,4,1,0,1,5,5.9,0.65,0.3
Luis MedinaOAK,SP,8,8,1,5.18,2,4,0,0,40,43,23,4,20,32,7.2,1.58,0.3
Christian ScottNYM,SP,9,9,3,4.56,0,3,0,0,47.1,45,24,8,12,39,7.4,1.2,0.3
Kyle NicolasPIT,RP,49,0,0,3.76,2,2,0,8,52.2,49,22,3,30,53,9.1,1.5,0.3
Ronny HenriquezMIN,RP,12,1,0,2.81,1,0,0,1,16,14,5,2,3,12,6.8,1.06,0.3
Alex CobbCLE,SP,3,3,1,2.76,2,1,0,0,16.1,14,5,1,3,10,5.5,1.04,0.3
Chris PaddackMIN,SP,17,17,4,4.99,5,3,0,0,88.1,102,49,14,21,79,8,1.39,0.3
Jalen BeeksPIT/COL,RP,65,0,0,4.15,7,4,10,8,65,65,30,6,24,53,7.3,1.37,0.3
Nick AndersonKC,RP,37,0,0,4.04,3,1,1,2,35.2,35,16,6,15,29,7.3,1.4,0.3
Pedro AvilaSD/CLE,RP,51,0,0,4.04,6,1,1,0,78,69,35,8,33,79,9.1,1.31,0.3
Edwin DiazNYM,RP,47,0,0,3.6,5,3,18,2,45,29,18,7,16,68,13.6,1,0.3
Genesis CabreraTOR,RP,62,0,0,3.05,3,2,2,12,56,52,19,8,28,45,7.2,1.43,0.3
Matthew LiberatoreSTL,RP,52,6,1,4.64,3,3,0,4,77.2,69,40,9,26,68,7.9,1.22,0.3
Kris BubicKC,RP,21,0,0,3.42,0,1,0,6,23.2,23,9,2,4,29,11,1.14,0.3
Walter PenningtonTEX/KC,RP,13,1,0,2.03,1,0,0,0,13.1,13,3,1,10,12,8.1,1.73,0.3
Erik SabrowskiCLE,RP,4,0,0,0,0,0,0,0,6,3,0,0,1,8,12,0.67,0.3
Wandy PeraltaSD,RP,44,0,0,4.17,2,2,0,11,36.2,33,17,6,12,22,5.4,1.23,0.3
Troy TaylorSEA,RP,14,0,0,2.13,0,0,0,4,12.2,7,3,3,3,13,9.2,0.79,0.3
Yilber DiazARI,SP,4,4,2,4.05,1,1,0,0,20,18,9,2,8,14,6.3,1.3,0.3
Matt FosterCHW,RP,6,1,0,2.7,0,1,0,1,6.2,5,2,1,5,4,5.4,1.5,0.3
Kyle MullerOAK,RP,18,0,0,4.22,0,1,0,0,42.2,45,20,6,9,35,7.4,1.27,0.3
Jose FerrerWSH,RP,23,0,0,3.74,0,0,0,5,21.2,21,9,0,6,19,7.9,1.25,0.3
Fraser EllardCHW,RP,16,0,0,2.93,2,2,0,1,15.1,10,5,1,7,19,11.2,1.11,0.3
Anthony VenezianoMIA/KC,RP,6,0,0,2.16,0,0,0,0,8.1,8,2,0,2,10,10.8,1.2,0.3
Seth HalvorsenCOL,RP,6,0,0,0,1,0,0,2,5.2,2,0,0,0,5,7.9,0.35,0.3
Kyle TylerMIA,SP,8,7,0,5.4,0,2,0,0,31.2,37,19,4,18,25,7.1,1.74,0.2
Scott BarlowCLE,RP,63,0,0,4.25,3,3,2,19,55,44,26,6,31,68,11.1,1.36,0.2
Alek JacobSD,RP,6,0,0,2.84,0,0,0,0,12.2,7,4,1,2,18,12.8,0.71,0.2
J.T. GinnOAK,SP,5,3,1,4.58,0,1,0,0,19.2,17,10,3,6,20,9.2,1.17,0.2
Mason MontgomeryTB,RP,4,0,0,0,0,0,0,1,4,0,0,0,4,6,13.5,1,0.2
Ryan ZeferjahnLAA,RP,5,0,0,1.93,0,0,0,0,9.1,3,2,0,3,11,10.6,0.64,0.2
Kyle LeahySTL,RP,31,0,0,4.02,1,1,1,3,47,38,21,4,10,32,6.1,1.02,0.2
Jose HernandezPIT,RP,7,0,0,3.38,1,1,1,1,5.1,5,2,1,4,4,6.8,1.69,0.2
Lance LynnSTL,SP,22,22,6,3.96,6,4,0,0,111.1,109,49,15,42,104,8.4,1.36,0.2
Michael SorokaCHW,RP,22,9,1,5.23,0,10,0,1,72.1,64,42,13,42,71,8.8,1.47,0.2
Tim HillCHW/NYY,RP,56,0,0,3.6,4,0,0,2,60,74,24,2,16,27,4.1,1.5,0.2
Braxton GarrettMIA,SP,7,7,2,5.35,2,2,0,0,37,40,22,5,4,34,8.3,1.19,0.2
Ian HamiltonNYY,RP,29,0,0,4.18,0,1,0,9,32.1,33,15,1,14,34,9.5,1.45,0.2
Tayler SaucedoSEA,RP,48,0,0,3.75,2,0,3,5,36,34,15,3,18,35,8.8,1.44,0.2
Peter StrzeleckiCLE,RP,10,0,0,2.31,0,0,0,1,11.2,11,3,1,3,9,6.9,1.2,0.2
Chris MartinBOS,RP,40,0,0,3.43,2,1,2,13,39.1,41,15,5,2,46,10.5,1.09,0.2
Connor GillispieCLE,RP,3,0,0,2.25,0,0,0,0,8,4,2,0,5,8,9,1.13,0.2
James PaxtonBOS/LAD,SP,21,21,7,4.4,9,3,0,0,100.1,95,49,12,50,73,6.5,1.45,0.2
Ryan PresslyHOU,RP,54,0,0,3.66,2,3,3,21,51.2,53,21,4,17,55,9.6,1.35,0.2
Sean Reid-FoleyNYM,RP,23,0,0,1.66,1,2,0,4,21.2,13,4,0,14,25,10.4,1.25,0.2
Josh StaumontMIN,RP,25,0,0,3.7,1,0,0,1,24.1,17,10,0,14,18,6.7,1.27,0.2
Drew SmithNYM,RP,19,0,0,3.06,1,1,2,6,17.2,18,6,2,9,23,11.7,1.53,0.2
Gus VarlandCHW/LAD,RP,17,0,0,3.12,0,0,0,0,17.1,19,6,2,6,19,9.9,1.44,0.2
Michel OtanezOAK,RP,30,0,0,3.77,1,0,1,2,28.2,25,12,2,16,49,15.4,1.43,0.2
J.B. BukauskasMIL,RP,6,0,0,1.5,0,0,0,2,6,3,1,1,1,6,9,0.67,0.2
Ty MaddenDET,SP,3,1,0,2.57,1,0,0,0,14,13,4,0,4,10,6.4,1.21,0.2
Beau BrieskeDET,RP,38,9,0,4.07,2,4,0,5,55.1,52,25,3,26,58,9.4,1.41,0.2
Nick VespiBAL,RP,11,0,0,2.92,0,0,0,0,12.1,10,4,1,3,9,6.6,1.05,0.2
Keider MonteroDET,SP,15,14,4,4.88,5,6,0,0,83,80,45,14,26,65,7,1.28,0.2
Paul SewaldARI,RP,42,0,0,4.31,1,2,16,1,39.2,35,19,6,10,43,9.8,1.13,0.2
Prelander BerroaCHW,RP,9,0,0,3.86,0,0,0,0,9.1,6,4,1,5,16,15.4,1.18,0.2
Shawn DubinHOU,RP,29,2,0,4.15,1,1,1,0,43.1,43,20,2,26,45,9.3,1.59,0.2
Jhony BritoSD,RP,26,0,0,4.12,1,2,0,0,43.2,49,20,4,10,29,6,1.35,0.2
Angel ZerpaKC,RP,53,0,0,4.4,1,0,0,10,47,56,23,6,18,41,7.9,1.57,0.2
Julian AguiarCIN,SP,5,5,1,5.06,1,0,0,0,21.1,21,12,5,8,11,4.6,1.36,0.2
Jordan LylesKC,RP,5,0,0,0,0,0,0,0,5,2,0,0,2,3,5.4,0.8,0.2
Diego CastilloMIN,RP,6,0,0,2.25,0,0,0,0,8,5,2,0,7,4,4.5,1.5,0.2
Graham AshcraftCIN,SP,15,15,3,5.24,5,5,0,0,77.1,89,45,11,27,57,6.6,1.5,0.2
Ron MarinaccioNYY,RP,16,0,0,3.86,1,0,0,1,23.1,18,10,4,10,25,9.6,1.2,0.2
Cionel PerezBAL,RP,55,0,0,3.91,2,0,2,20,48.1,38,21,0,26,42,7.8,1.32,0.2
Matt ManningDET,SP,5,5,0,4.88,0,1,0,0,27.2,31,15,3,12,23,7.5,1.55,0.2
Daniel Lynch IVKC,RP,10,3,0,4.75,1,0,1,0,30.1,23,16,6,9,22,6.5,1.05,0.2
Jake BirdCOL,RP,30,0,0,4.72,2,2,1,4,34.1,36,18,4,23,27,7.1,1.72,0.2
Colin SelbyBAL/KC,RP,4,0,0,3,0,0,0,0,6,2,2,0,4,4,6,1,0.2
Josh SborzTEX,RP,16,0,0,3.38,2,1,0,8,16,14,6,1,4,16,9,1.13,0.2
Brendon LittleTOR,RP,43,0,0,3.6,1,2,1,6,40,35,16,6,18,32,7.2,1.33,0.2
Max LazarPHI,RP,10,0,0,3.27,0,0,0,0,11,9,4,2,2,8,6.5,1,0.2
Gerson GarabitoTEX,RP,14,2,0,3.86,0,2,0,0,21,14,9,2,10,17,7.3,1.14,0.2
Andrew NardiMIA,RP,59,0,0,5.07,3,2,0,15,49.2,44,28,7,18,70,12.7,1.25,0.2
Jeff CriswellCOL,RP,8,0,0,3.6,1,0,0,0,10,10,4,3,4,11,9.9,1.4,0.2
Alexis DiazCIN,RP,56,0,0,4.3,2,5,27,0,52.1,40,25,6,28,51,8.8,1.3,0.2
Carlos HernandezKC,RP,20,0,0,3.38,0,1,0,0,21.1,18,8,0,11,20,8.4,1.36,0.1
Kyle HurtLAD,RP,3,1,0,1.35,0,1,0,0,6.2,8,1,0,1,3,4.1,1.35,0.1
Randy VasquezSD,SP,19,19,5,5.18,4,7,0,0,92,118,53,13,28,58,5.7,1.59,0.1
Steven CruzKC,RP,3,0,0,0,0,0,0,0,3.1,0,0,0,0,2,5.4,0,0.1
Luis GuerreroBOS,RP,2,0,0,0,0,0,0,0,2,1,0,0,0,2,9,0.5,0.1
Fernando CruzCIN,RP,66,3,0,4.99,3,8,0,23,61.1,51,34,8,30,99,14.5,1.32,0.1
Kevin HergetMIL,RP,5,0,0,2.08,0,0,1,1,8.2,4,2,1,3,7,7.3,0.81,0.1
Kumar RockerTEX,SP,1,1,0,2.25,0,0,0,0,4,3,1,1,2,7,15.8,1.25,0.1
Naoyuki UwasawaBOS,SP,2,0,0,2.25,0,0,0,0,4,2,1,0,2,3,6.8,1,0.1
Dominic SmithBOS/CIN,1B,3,0,0,0,0,0,0,0,3,2,0,0,1,0,0,1,0.1
Andrew KniznerTEX,C,2,0,0,0,0,0,0,0,3,1,0,0,2,0,0,1,0.1
Joel KuhnelHOU/TB,RP,6,0,0,4.5,0,0,0,0,10,8,5,1,0,5,4.5,0.8,0.1
Patrick SandovalLAA,SP,16,16,4,5.08,2,8,0,0,79.2,85,45,8,35,81,9.2,1.51,0.1
DL HallMIL,SP,8,6,1,4.01,1,1,0,1,33.2,35,15,5,17,34,9.1,1.54,0.1
Daniel DuarteMIN,RP,2,0,0,2.25,1,0,0,0,4,2,1,1,1,3,6.8,0.75,0.1
Yoendrys GomezNYY,RP,5,0,0,3.97,0,0,0,0,11.1,11,5,2,7,10,7.9,1.59,0.1
Eli VillalobosMIA,RP,3,0,0,2.08,0,0,0,0,4.1,3,1,1,2,3,6.2,1.15,0.1
Josh WinderMIN,RP,4,0,0,3,0,0,0,0,9,7,3,0,1,10,10,0.89,0.1
Jack KochanowiczLAA,SP,8,8,5,5.08,2,5,0,0,44.1,54,25,6,9,15,3,1.42,0.1
Austin VothSEA,RP,64,0,0,3.3,2,5,0,13,57.1,42,21,9,14,57,8.9,0.98,0.1
Yency AlmonteCHC,RP,17,0,0,3.45,1,0,1,6,15.2,9,6,1,8,20,11.5,1.09,0.1
Brandon LeibrandtCIN,RP,1,0,0,0,0,0,0,0,2.1,1,0,0,1,0,0,0.86,0.1
Brandon BielakOAK/HOU,RP,14,0,0,4.88,1,0,0,0,24,33,13,4,9,12,4.5,1.75,0.1
Josh MaciejewskiNYY,RP,4,0,0,2.57,0,0,0,0,7,4,2,1,2,7,9,0.86,0.1
Yariel RodriguezTOR,SP,18,18,2,4.42,1,6,0,0,73.1,63,36,10,34,75,9.2,1.32,0.1
Drew ThorpeCHW,SP,9,9,5,5.48,3,3,0,0,44.1,35,27,8,21,25,5.1,1.26,0.1
Ky BushCHW,SP,4,4,1,5.6,0,3,0,0,17.2,20,11,2,16,11,5.6,2.04,0.1
Chasen ShreveCOL,RP,1,0,0,0,0,0,0,0,1,1,0,0,0,0,0,1,0.1
David BuchananCIN,SP,1,0,0,2.7,0,0,0,0,3.1,2,1,0,2,1,2.7,1.2,0.1
Kyle FreelandCOL,SP,18,18,9,4.97,5,7,0,0,96,110,53,14,24,76,7.1,1.4,0.1
Griffin CanningLAA,SP,29,28,6,5.35,5,13,0,0,156.1,161,93,28,59,117,6.7,1.41,0.1
Adam KloffensteinSTL,SP,1,0,0,0,0,0,0,1,1,0,0,0,0,0,0,0,0.1
Tristan BeckSF,RP,2,0,0,3.38,0,0,0,0,5.1,5,2,2,2,5,8.4,1.31,0.1
Nabil CrismattLAD,RP,5,0,0,2.57,1,1,0,0,7,7,2,1,0,6,7.7,1,0.1
Victor GonzalezNYY,RP,27,0,0,3.86,2,1,2,3,23.1,13,10,3,13,11,4.2,1.11,0.1
Lake BacharMIA,RP,3,0,0,0,0,0,0,0,2,0,0,0,0,4,18,0,0.1
Ben CaspariusLAD,SP,1,0,0,0,1,0,0,0,1,0,0,0,0,0,0,0,0.1
Jack O'LoughlinOAK,RP,4,0,0,4.66,0,0,0,0,9.2,13,5,1,5,6,5.6,1.86,0.1
Hayden BirdsongSF,SP,13,13,1,4.74,3,5,0,0,57,45,30,10,36,68,10.7,1.42,0.1
Jacob BarnesWSH,RP,58,0,0,4.38,8,2,0,2,61.2,61,30,9,17,52,7.6,1.26,0.1
Tommy NanceTOR,RP,15,0,0,3.24,0,1,0,0,16.2,10,6,2,7,15,8.1,1.02,0.1
Austin WarrenSF,RP,3,0,0,1.5,0,0,0,0,6,4,1,1,3,3,4.5,1.17,0.1
Kodai SengaNYM,SP,1,1,0,3.38,1,0,0,0,5.1,2,2,1,1,9,15.2,0.56,0.1
Sammy PeraltaCHW,RP,9,0,0,4.8,0,0,0,1,15,21,8,2,7,11,6.6,1.87,0.1
Ryan LoutosSTL,RP,3,0,0,0,0,0,0,0,2.1,2,0,0,1,0,0,1.29,0.1
Hector NerisCHC/HOU,RP,54,0,0,3.83,9,5,17,4,51.2,46,22,6,27,52,9.1,1.41,0.1
Jimmy HergetATL,RP,8,0,0,4.38,0,1,0,0,12.1,13,6,2,3,15,10.9,1.3,0.1
Tyler ZuberTB,RP,2,0,0,2.7,0,0,0,0,3.1,3,1,1,2,4,10.8,1.5,0.1
Tylor MegillNYM,SP,13,12,2,4.48,3,5,0,0,62.1,56,31,6,26,73,10.5,1.32,0.1
Jaden HillCOL,RP,2,0,0,0,0,0,0,0,2,0,0,0,0,0,0,0,0.1
Sean BurkeCHW,RP,1,0,0,0,0,0,0,0,3,3,0,0,1,3,9,1.33,0.1
Austin HedgesCLE,C,1,0,0,0,0,0,0,0,2,0,0,0,1,0,0,0.5,0.1
Jackson StephensATL,RP,3,0,0,2.7,0,0,0,0,3.1,5,1,1,1,2,5.4,1.8,0.1
Anthony MisiewiczNYY,RP,1,0,0,0,0,0,0,0,1,2,0,0,1,1,9,3,0.1
Ryan BurrTOR,RP,27,2,0,4.1,0,1,0,2,26.1,21,12,3,11,35,12,1.22,0.1
Chris RoycroftSTL,RP,26,0,0,4.01,1,2,0,1,33.2,29,15,2,15,33,8.8,1.31,0.1
Aaron AshbyMIL,RP,8,2,0,2.61,1,2,0,1,20.2,12,6,2,9,20,8.7,1.02,0.1
Matt WallnerMIN,LF,1,0,0,0,0,0,0,0,1.1,2,0,0,0,0,0,1.5,0.1
Richard FittsBOS,SP,1,1,0,0,0,0,0,0,5.2,6,0,0,1,2,3.2,1.24,0.1
Daniel RobertTEX,RP,3,0,0,3.86,0,0,0,0,4.2,5,2,1,2,4,7.7,1.5,0.1
Willi CastroMIN,2B,2,0,0,0,0,0,0,0,1.1,0,0,0,0,0,0,0,0
Tyler MahleTEX,SP,3,3,0,4.97,0,1,0,0,12.2,14,7,1,4,10,7.1,1.42,0
Pablo ReyesBOS/NYM,2B,1,0,0,0,0,0,0,0,1,1,0,0,1,0,0,2,0
Thyago VieiraBAL/ARI/MIL,RP,28,0,0,5.21,0,1,1,1,38,37,22,8,26,39,9.2,1.66,0
Nick PrattoKC,1B,1,0,0,0,0,0,0,0,1,1,0,0,0,1,9,1,0
Richard LoveladyCHC/TB,RP,30,0,0,4.75,3,6,2,3,30.1,31,16,3,10,22,6.5,1.35,0
Garrett HampsonKC,CF,1,0,0,0,0,0,0,0,1,0,0,0,0,0,0,0,0
Danny MendickCHW,3B,1,0,0,0,0,0,0,0,1,2,0,0,0,0,0,2,0
Kyle NelsonARI,RP,11,0,0,4.22,0,0,0,2,10.2,8,5,2,4,8,6.8,1.13,0
Jackson RutledgeWSH,SP,2,1,0,4.76,0,0,0,0,5.2,5,3,1,2,7,11.1,1.24,0
Nick LoftinKC,2B,1,0,0,0,0,0,0,0,1,1,0,0,0,0,0,1,0
Aroldis ChapmanPIT,RP,62,0,0,4.18,5,5,8,22,56,42,26,5,39,91,14.6,1.45,0
Miguel DiazHOU,RP,1,0,0,0,0,0,0,0,1,0,0,0,0,0,0,0,0
Cole TuckerLAA,3B,1,0,0,0,0,0,0,0,1,1,0,0,1,0,0,2,0
David BoteCHC,3B,1,0,0,0,0,0,0,0,1,1,0,0,1,0,0,2,0
Weston WilsonPHI,LF,1,0,0,0,0,0,0,0,1,1,0,0,0,0,0,1,0
Pavin SmithARI,RF,1,0,0,0,0,0,0,0,1,0,0,0,1,0,0,1,0
Leo RivasSEA,SS,1,0,0,0,0,0,0,0,1,1,0,0,0,0,0,1,0
Dylan ColemanHOU,RP,1,0,0,0,0,0,0,0,1,0,0,0,1,1,9,1,0
Caleb BoushleyMIN,RP,2,0,0,4.5,0,0,0,0,4,6,2,0,2,1,2.3,2,0
Grae KessingerHOU,3B,1,0,0,0,0,0,0,0,1,0,0,0,0,0,0,0,0
Evan KravetzCIN,RP,1,0,0,0,0,0,0,0,0.2,0,0,0,0,0,0,0,0
James MeekerMIL,P,1,0,0,0,0,0,0,0,1,1,0,0,1,0,0,2,0
Nick RobertsonSTL,RP,8,0,0,4.38,0,0,0,0,12.1,15,6,3,2,14,10.2,1.38,0
Clayton BeeterNYY,RP,1,0,0,0,0,0,0,0,1,1,0,0,0,0,0,1,0
Amir GarrettLAA,RP,6,0,0,5.06,0,0,0,0,5.1,4,3,1,5,11,18.6,1.69,0
Luke WilliamsATL,LF,3,0,0,4.5,0,0,0,0,4,5,2,0,1,0,0,1.5,0
Kirby SneadSEA,RP,11,0,0,4.35,0,0,0,0,10.1,12,5,0,7,7,6.1,1.84,0
Tejay AntoneCIN,RP,4,0,0,4.5,0,0,0,0,2,2,1,0,4,2,9,3,0
Josh FlemingPIT,RP,25,3,0,4.02,1,1,1,1,31.1,34,14,3,14,17,4.9,1.53,0
Justin SternerTB,RP,2,0,0,2.25,0,0,0,0,4,5,1,0,1,4,9,1.5,0
Miguel SanoLAA,3B,1,0,0,0,0,0,0,0,0.1,0,0,0,0,0,0,0,0
Patrick WisdomCHC,1B,1,0,0,0,0,0,0,0,0.1,1,0,0,1,0,0,6,0
Ildemaro VargasWSH,2B,2,0,0,4.5,0,0,0,0,2,3,1,1,0,0,0,1.5,0
Isiah Kiner-FalefaPIT/TOR,3B,2,0,0,4.5,0,0,0,0,2,1,1,0,2,0,0,1.5,0
Luis TorrensNYM,C,1,0,0,0,0,0,0,0,0.1,0,0,0,0,0,0,0,0
Jake BauersMIL,1B,4,0,0,4.5,0,0,0,0,4,5,2,0,4,1,2.3,2.25,0
Dinelson LametLAD,SP,3,0,0,2.08,0,0,1,0,4.1,2,1,1,2,3,6.2,0.92,0
Tyler GilbertPHI,RP,1,0,0,4.5,0,0,0,0,2,2,1,0,1,1,4.5,1.5,0
Oswaldo CabreraNYY,3B,1,0,0,0,0,0,0,0,0.1,0,0,0,2,0,0,6,0
Ben RortvedtTB,C,1,0,0,4.5,0,0,0,0,2,3,1,1,2,1,4.5,2.5,0
Alex SpeasHOU,RP,1,0,0,4.5,0,0,0,0,2,2,1,1,1,2,9,1.5,0
Greg WeissertBOS,RP,53,0,0,3.64,4,2,1,5,54.1,59,22,7,19,51,8.4,1.44,0
Jacob LopezTB,RP,4,1,0,5.23,0,0,0,0,10.1,5,6,2,7,8,7,1.16,0
Ricky VanascoDET/LAD,RP,4,0,0,6.75,1,0,0,1,4,3,3,0,0,1,2.3,0.75,0
Evan JusticeCOL,RP,1,0,0,0,0,0,0,0,0.1,0,0,0,1,1,27,3,0
Gordon GraceffoSTL,SP,2,1,0,4.7,0,1,0,0,7.2,7,4,1,2,6,7,1.17,0
Rich HillBOS,RP,4,0,0,4.91,0,1,0,0,3.2,1,2,1,3,5,12.3,1.09,0
Casey KellyCIN,SP,2,0,0,5.06,0,0,1,0,5.1,5,3,1,1,4,6.8,1.13,0
Carl Edwards Jr.SD,RP,1,0,0,---,0,0,0,0,0,1,0,0,2,0,0,INF,0
Wander SueroHOU,RP,1,0,0,---,0,1,0,0,0,1,0,0,0,0,0,INF,0
Bryan BakerBAL,RP,17,0,0,4.71,1,1,0,3,21,18,11,2,6,18,7.7,1.14,0
Forrest WhitleyHOU,RP,3,0,0,0,0,0,0,0,3.1,5,0,0,3,5,13.5,2.4,0
Steven Christopher WilsonCHW,P,40,0,0,5.71,1,6,0,9,34.2,29,22,8,26,34,8.8,1.59,0
Kyle B. NelsonARI,P,11,0,0,4.22,0,0,0,2,10.2,8,5,2,4,8,6.8,1.13,0
Trey WingenterBOS/CHC,RP,4,0,0,18.69,0,0,0,0,4.1,9,9,2,2,3,6.2,2.54,0
Brett de GeusSEA/MIA,RP,11,0,0,5,0,2,0,0,9,11,5,0,2,6,6,1.44,0
Cooper CriswellBOS,SP,24,18,1,3.98,6,4,0,0,97.1,100,43,10,30,70,6.5,1.34,0
Max MeyerMIA,SP,11,11,3,5.68,3,5,0,0,57,62,36,14,19,46,7.3,1.42,0
Richard FittsBOS,P,1,1,0,0,0,0,0,0,5.2,6,0,0,1,2,3.2,1.24,0
Evan Jacob KravetzCIN,P,1,0,0,0,0,0,0,0,0.2,0,0,0,0,0,0,0,0
Ryan MillerLAA,RP,5,0,0,1.8,0,0,0,1,5,5,1,0,2,4,7.2,1.4,0
John JusticeCOL,P,1,0,0,0,0,0,0,0,0.1,0,0,0,1,1,27,3,0
Ben CaspariusLAD,P,1,0,0,0,1,0,0,0,1,0,0,0,0,0,0,0,0
Adam OttavinoNYM,RP,54,0,0,4.29,2,2,1,15,50.1,46,24,5,19,63,11.3,1.29,0
Enrique HernandezLAD,3B,3,0,0,5.4,0,0,0,0,3.1,5,2,0,0,0,0,1.5,0
Tyler DuffeyKC,RP,9,0,0,5,1,0,0,1,9,7,5,0,8,10,10,1.67,0
Tyler JayMIL/NYM,RP,5,0,0,4.7,0,0,0,0,7.2,9,4,0,6,6,7,1.96,0
Tanner RaineyWSH,RP,45,0,0,5.09,0,0,0,0,46,45,26,7,28,37,7.2,1.59,0
Gregory SotoPHI/BAL,RP,58,0,0,4.79,2,5,2,9,47,52,25,3,26,59,11.3,1.66,0
Nick NelsonPHI,RP,4,0,0,5.06,0,0,0,0,5.1,8,3,0,2,8,13.5,1.88,0
Ryan FeltnerCOL,SP,27,27,10,4.89,2,10,0,0,143.2,152,78,19,47,127,8,1.39,0
Yosver ZuluetaCIN,RP,9,0,0,5.54,0,0,0,0,13,13,8,1,6,14,9.7,1.46,0
Guillermo ZunigaLAA,RP,6,0,0,5.63,0,0,1,0,8,8,5,1,5,3,3.4,1.63,0
Josh WalkerNYM,RP,10,0,0,5.11,0,0,0,0,12.1,13,7,1,6,11,8,1.54,0
Randy RodriguezSF,RP,33,1,0,3.93,3,2,0,5,50.1,44,22,4,16,52,9.3,1.19,0
Jairo IriarteCHW,RP,3,0,0,3.38,0,0,0,0,2.2,1,1,0,6,4,13.5,2.63,0
Hunter HarveyKC/WSH,RP,49,0,0,4.44,2,4,1,28,50.2,51,25,5,16,55,9.8,1.32,0
Wes ParsonsTOR/CLE,RP,4,0,0,6,0,0,0,0,9,10,6,2,2,7,7,1.33,0
Rowdy TellezPIT,1B,3,0,0,6.75,0,0,0,0,2.2,5,2,0,1,0,0,2.25,0
Andrew WantzLAA,RP,1,0,0,6.75,0,0,0,0,1.1,1,1,1,1,3,20.3,1.5,0
David HensleyMIA,LF,1,0,0,9,0,0,0,0,2,2,2,0,1,0,0,1.5,0
Grant HolmanOAK,RP,12,0,0,5.4,1,1,0,5,10,15,6,1,8,10,9,2.3,0
Spencer ArrighettiHOU,SP,26,26,9,4.72,7,12,0,0,131.2,126,69,19,61,158,10.8,1.42,0
Randy DobnakMIN,RP,4,0,0,5.87,0,0,0,0,7.2,9,5,0,5,7,8.2,1.83,0
Spencer ArrighettiHOU,SP,26,26,9,4.72,7,12,0,0,131.2,126,69,19,61,158,10.8,1.42,0
Josh RojasSEA,3B,2,0,0,9,0,0,0,0,2,1,2,1,2,0,0,1.5,0
Zac KristofakLAA,RP,1,0,0,0,0,0,0,0,2,3,0,0,2,2,9,2.5,0
Shelby MillerDET,RP,49,0,0,4.75,6,8,2,5,53,39,28,9,11,49,8.3,0.94,-0.1
Dallas KeuchelMIL,SP,4,4,0,5.4,0,0,0,0,16.2,23,10,3,8,11,5.9,1.86,-0.1
German MarquezCOL,SP,1,1,0,6.75,0,0,0,0,4,5,3,1,4,3,6.8,2.25,-0.1
Zach McKinstryDET,SS,3,0,0,9,0,0,0,0,2,1,2,1,1,0,0,1,-0.1
Raymond BurgosSF,SP,1,0,0,9,0,0,0,0,1,3,1,0,1,1,9,4,-0.1
Chase ShugartBOS,RP,3,0,0,6,0,0,0,0,6,7,4,1,1,6,9,1.33,-0.1
Tucker BarnhartARI,C,1,0,0,18,0,0,0,0,1,4,2,1,0,0,0,4,-0.1
Aaron HicksLAA,RF,1,0,0,18,0,0,0,0,1,2,2,1,1,0,0,3,-0.1
James McCannBAL,C,1,0,0,18,0,0,0,0,1,2,2,1,0,0,0,2,-0.1
Sean NewcombOAK,RP,7,0,0,6.3,1,0,0,0,10,9,7,2,8,7,6.3,1.7,-0.1
Gerardo ReyesOAK,RP,3,0,0,4.5,0,0,0,0,4,4,2,0,3,2,4.5,1.75,-0.1
MacKenzie GoreWSH,SP,29,29,8,4.34,8,12,0,0,147.1,165,71,14,59,158,9.7,1.52,-0.1
Vidal BrujanMIA,2B,1,0,0,18,0,0,0,0,1,2,2,1,0,1,9,2,-0.1
Scott EffrossNYY,RP,2,0,0,9,0,0,0,0,2,3,2,1,1,2,9,2,-0.1
Tyler FitzgeraldSF,SS,3,0,0,9,0,0,0,0,3,6,3,0,0,0,0,2,-0.1
Brandon EisertTOR,RP,2,0,0,5.79,0,0,0,0,4.2,5,3,0,4,0,0,1.93,-0.1
Dylan DoddATL,SP,1,0,0,9,0,0,0,0,2,4,2,0,1,2,9,2.5,-0.1
Kyle FarmerMIN,2B,1,0,0,13.5,0,0,0,0,2,5,3,0,1,0,0,3,-0.1
Mike YastrzemskiSF,RF,1,0,0,18,0,0,0,0,1,2,2,0,3,0,0,5,-0.1
Luis GuillormeLAA/ATL/ARI,2B,3,0,0,12,0,0,0,0,3,4,4,1,2,0,0,2,-0.1
Vladimir GutierrezMIA,SP,1,0,0,6.75,0,0,0,0,4,3,3,1,2,4,9,1.25,-0.1
Trent ThorntonSEA,RP,64,0,0,3.99,4,3,1,9,65.1,62,29,8,18,69,9.5,1.22,-0.1
Ray KerrATL,RP,10,2,0,5.64,1,2,0,0,22.1,29,14,4,7,27,10.9,1.61,-0.1
Emmanuel RiveraBAL/MIA,3B,4,0,0,9,0,0,0,0,4,7,4,1,0,0,0,1.75,-0.1
Reid DetmersLAA,SP,14,14,4,5.64,4,6,0,0,75,74,47,11,31,88,10.6,1.4,-0.1
Chayce McDermottBAL,SP,1,1,0,6.75,0,0,0,0,4,5,3,1,2,3,6.8,1.75,-0.1
Amos WillinghamWSH,RP,1,0,0,18,0,0,0,0,1,2,2,1,0,1,9,2,-0.1
Rafael MonteroHOU,RP,41,0,0,4.7,1,2,0,10,38.1,35,20,8,19,23,5.4,1.41,-0.1
Jose TrevinoNYY,C,2,0,0,13.5,0,0,0,0,2,5,3,0,2,0,0,3.5,-0.1
Brock StewartMIN,RP,16,0,0,5.17,0,0,0,7,15.2,15,9,2,8,20,11.5,1.47,-0.1
Clayton AndrewsNYY,RP,1,0,0,27,0,0,0,0,0.1,1,1,1,0,1,27,3,-0.1
Anthony MaldonadoMIA,RP,14,1,0,6.75,0,1,1,0,16,20,12,1,5,11,6.2,1.56,-0.1
Justin VerlanderHOU,SP,14,14,5,5.3,3,6,0,0,74.2,79,44,14,24,63,7.6,1.38,-0.1
Matt AndrieseMIA,RP,4,0,0,6,0,1,0,0,6,7,4,2,1,7,10.5,1.33,-0.1
Jacob WaguespackTB,RP,4,1,0,5.4,0,0,0,0,10,13,6,1,10,11,9.9,2.3,-0.1
Humberto CastellanosARI,RP,7,0,0,5.23,0,0,1,0,10.1,11,6,0,4,7,6.1,1.45,-0.1
Spencer StriderATL,SP,2,2,0,7,0,0,0,0,9,10,7,2,5,12,12,1.67,-0.1
Samuel AldegheriLAA,SP,2,2,1,2.45,1,1,0,0,11,9,3,1,5,10,8.2,1.27,-0.1
Wade MileyMIL,SP,2,2,0,6.43,0,1,0,0,7,6,5,1,4,2,2.6,1.43,-0.1
Josh RogersCOL,RP,6,0,0,6.55,2,0,0,0,11,15,8,1,3,3,2.5,1.64,-0.1
Brusdar GraterolLAD,RP,2,0,0,13.5,0,0,0,0,1.1,3,2,0,1,0,0,3,-0.1
Lyon RichardsonCIN,SP,1,0,0,27,0,0,0,0,0.2,2,2,1,1,1,13.5,4.5,-0.1
Matt KrookBAL,RP,1,0,0,18,0,0,0,0,1,1,2,1,1,2,18,2,-0.1
Joe JacquesBOS/ARI,RP,2,0,0,9,0,0,0,0,3,6,3,1,1,2,6,2.33,-0.1
Jose LeclercTEX,RP,57,0,0,4.48,6,4,1,10,60.1,50,30,7,30,83,12.4,1.33,-0.1
Logan AllenARI,RP,12,0,0,5.46,0,1,1,1,28,32,17,3,10,21,6.8,1.5,-0.1
Anthony MaldonadoMIA,RP,14,1,0,6.75,0,1,1,0,16,20,12,1,5,11,6.2,1.56,-0.1
Miguel CastroARI,RP,11,0,0,5.93,0,0,0,1,13.2,20,9,3,3,8,5.3,1.68,-0.1
Nick HernandezHOU,RP,5,0,0,7.88,0,0,0,0,8,10,7,4,1,10,11.3,1.38,-0.1
Owen MillerMIL,1B,1,0,0,18,0,0,0,0,2,5,4,1,1,0,0,3,-0.1
Grant HartwigNYM,RP,4,0,0,6.75,0,0,0,0,6.2,6,5,1,4,4,5.4,1.5,-0.1
Janson JunkOAK/MIL,RP,6,0,0,14.63,0,0,0,0,8,22,13,3,4,8,9,3.25,-0.1
Luis ContrerasHOU,RP,5,0,0,9,0,0,0,0,6,7,6,0,2,6,9,1.5,-0.1
Luis OrtizPHI,RP,1,0,0,27,0,0,0,0,0.2,3,2,0,0,0,0,4.5,-0.1
Brandon CrawfordSTL,SS,1,0,0,27,0,0,0,0,1.1,3,4,0,2,0,0,3.75,-0.1
Jose LeclercTEX,RP,57,0,0,4.48,6,4,1,10,60.1,50,30,7,30,83,12.4,1.33,-0.1
Logan AllenARI,RP,12,0,0,5.46,0,1,1,1,28,32,17,3,10,21,6.8,1.5,-0.1
Jonathan BermudezMIA,SP,3,1,0,8.1,0,1,0,0,6.2,11,6,2,2,4,5.4,1.95,-0.1
Mike ClevingerCHW,SP,4,4,0,6.75,0,3,0,0,16,22,12,4,9,15,8.4,1.94,-0.1
Evan PhillipsLAD,RP,54,0,0,2.96,3,1,18,7,48.2,42,16,6,14,58,10.7,1.15,-0.1
Cody BoltonSEA,RP,17,0,0,4.34,0,0,0,0,18.2,18,9,3,9,17,8.2,1.45,-0.1
Nate PearsonTOR/CHC,RP,53,0,0,4.4,2,1,2,9,59.1,55,29,11,19,68,10.3,1.25,-0.1
Ryder RyanPIT,RP,15,0,0,5.66,1,0,0,3,20.2,21,13,2,9,17,7.4,1.45,-0.1
Parker DunsheeATL,SP,1,0,0,19.29,0,0,0,0,2.1,4,5,2,2,3,11.6,2.57,-0.1
Joan AdonWSH,RP,8,1,0,6.75,0,0,0,0,10.2,12,8,2,4,6,5.1,1.5,-0.1
Logan GillaspieSD,RP,9,0,0,7.15,0,0,0,0,11.1,15,9,2,0,7,5.6,1.32,-0.1
Zach BrzykcyWSH,SP,4,0,0,12.27,0,0,0,0,3.2,5,5,0,3,3,7.4,2.18,-0.1
Orlando RibaltaWSH,RP,4,0,0,13.5,0,0,0,0,3.1,10,5,0,2,3,8.1,3.6,-0.1
Carson SpiersCIN,RP,20,9,2,5.49,5,6,0,1,83.2,103,51,17,24,78,8.4,1.52,-0.1
Anthony GoseCLE,RP,3,0,0,10.38,0,0,0,0,4.1,9,5,2,1,4,8.3,2.31,-0.2
Yonny ChirinosMIA,SP,6,6,0,6.3,0,2,0,0,30,43,21,7,13,25,7.5,1.87,-0.2
Luke MaileCIN,C,3,0,0,14.73,0,0,0,0,3.2,6,6,1,0,0,0,1.64,-0.2
Brady FeiglPIT,SP,1,0,0,32.4,0,0,0,0,1.2,7,6,1,0,0,0,4.2,-0.2
Johnny CuetoLAA,SP,2,2,1,7.15,0,2,0,0,11.1,14,9,4,3,6,4.8,1.5,-0.2
Tyler KinleyCOL,RP,65,0,0,5.89,5,1,12,14,62.2,59,41,11,32,70,10.1,1.45,-0.2
Enyel De Los SantosSD/CHW/NYY,RP,57,0,0,5.53,1,2,1,8,55.1,60,34,15,21,62,10.1,1.46,-0.2
Matt MervisCHC,1B,1,0,0,81,0,0,0,0,0.2,7,6,0,0,0,0,10.5,-0.2
Cristian MenaARI,SP,1,1,0,12,0,0,0,0,3,4,4,2,3,2,6,2.33,-0.2
Joey LucchesiNYM,SP,1,1,0,10.38,0,1,0,0,4.1,5,5,1,4,2,4.2,2.08,-0.2
Kenny RosenbergLAA,RP,4,1,0,6.87,0,1,0,0,18.1,20,14,5,7,12,5.9,1.47,-0.2
Eduard BazardoSEA,RP,17,0,0,6.04,1,0,0,0,22.1,15,15,2,9,29,11.7,1.07,-0.2
Xzavion CurryCLE/MIA,RP,12,4,0,5.35,1,2,0,1,33.2,35,20,6,6,23,6.1,1.22,-0.2
Erasmo RamirezTB,RP,13,0,0,4.35,3,0,1,0,20.2,12,10,5,10,15,6.5,1.06,-0.2
Alex WoodOAK,SP,9,9,1,5.26,1,3,0,0,39.1,51,23,6,19,33,7.6,1.78,-0.2
Gregory SantosSEA,RP,6,0,0,6.75,0,1,0,1,5.1,6,4,0,1,5,8.4,1.31,-0.2
Tyler AlexanderTB,RP,20,7,1,5.5,6,4,0,0,93.1,100,57,23,21,76,7.3,1.3,-0.2
Joe La SorsaWSH,RP,9,0,0,7.45,0,0,0,0,9.2,13,8,3,3,9,8.4,1.66,-0.2
Eric OrzeNYM,RP,2,0,0,21.6,0,1,0,0,1.2,3,4,1,2,1,5.4,3,-0.2
Stephen KolekSD,RP,42,0,0,5.21,3,0,0,2,46.2,59,27,4,12,39,7.5,1.52,-0.2
Bryan ShawCHW,RP,5,0,0,9,0,1,0,0,4,8,4,1,4,4,9,3,-0.2
Julio TeheranNYM,SP,1,1,0,13.5,0,0,0,0,2.2,6,4,1,2,3,10.1,3,-0.2
Alan BusenitzCIN,RP,1,0,0,27,0,0,0,0,1,4,3,0,0,0,0,4,-0.2
Caleb FergusonHOU/NYY,RP,57,0,0,4.21,1,4,1,11,51.1,52,24,6,24,61,10.7,1.48,-0.2
Jonathan BowlanKC,SP,1,1,0,13.5,0,1,0,0,2.2,6,4,3,3,3,10.1,3.38,-0.2
Jack NeelyCHC,RP,4,0,0,13.5,0,0,0,0,4,6,6,2,2,5,11.3,2,-0.2
Eduardo RodriguezARI,SP,6,6,0,5.83,2,2,0,0,29.1,35,19,4,10,18,5.5,1.53,-0.2
Shawn ArmstrongSTL/CHC/TB,RP,55,7,0,4.71,3,3,1,4,65,72,34,6,25,65,9,1.49,-0.2
Noah DavisCOL,RP,9,0,0,5.75,0,0,0,1,20.1,31,13,3,7,15,6.6,1.87,-0.2
Daniel PalenciaCHC,RP,9,0,0,7.11,0,1,1,0,12.2,14,10,0,12,14,9.9,2.05,-0.2
George SorianoMIA,RP,20,0,0,5.54,1,1,1,2,26,23,16,5,11,28,9.7,1.31,-0.2
Jake BlossHOU,SP,3,3,0,6.94,0,1,0,0,11.2,16,9,5,3,11,8.5,1.63,-0.2
Caden DanaLAA,SP,2,2,1,9,1,1,0,0,7,9,7,4,5,5,6.4,2,-0.2
Aaron BrooksOAK,SP,5,4,2,5.06,0,2,0,0,26.2,33,15,4,8,12,4.1,1.54,-0.2
Garrett StubbsPHI,C,4,0,0,15.75,0,0,0,0,4,6,7,2,2,0,0,2,-0.2
Matt SauerKC,SP,14,0,0,7.71,0,0,0,0,16.1,23,14,3,11,9,5,2.08,-0.2
Casey LeguminaCIN,RP,4,0,0,9.95,0,0,0,0,6.1,11,7,2,2,4,5.7,2.05,-0.2
Chase SilsethLAA,SP,2,2,0,6.75,0,1,0,0,8,8,6,3,4,12,13.5,1.5,-0.2
Bradley BlalockCOL/MIL,SP,7,6,0,5.87,1,3,0,0,30.2,35,20,4,20,20,5.9,1.79,-0.2
Robert GarciaWSH,RP,66,0,0,4.33,3,5,0,11,54,51,26,4,16,69,11.5,1.24,-0.2
Nick RamirezLAD,RP,8,0,0,6.08,0,0,0,0,13.1,18,9,0,7,5,3.4,1.88,-0.2
Burch SmithBAL/MIA,RP,49,0,0,5.13,4,1,0,4,54.1,64,31,6,12,43,7.1,1.4,-0.2
Brad KellerBOS/CHW,RP,16,2,0,5.44,0,4,1,0,41.1,48,25,9,15,32,7,1.52,-0.2
John CurtissCOL,RP,3,0,0,15.43,0,0,0,0,2.1,6,4,2,0,1,3.9,2.57,-0.2
Brock BurkeTEX/LAA,RP,26,1,0,6.41,1,1,0,1,26.2,30,19,3,13,37,12.5,1.61,-0.2
Matt BarnesWSH,RP,14,0,0,6.75,0,0,0,0,13.1,16,10,1,4,10,6.8,1.5,-0.2
Phil BickfordNYY,RP,8,0,0,8.64,0,0,0,0,8.1,10,8,1,1,6,6.5,1.32,-0.2
Austin DavisSD,RP,7,0,0,9,0,0,0,0,7,6,7,0,5,6,7.7,1.57,-0.2
Mason EnglertDET,RP,12,1,0,5.4,1,0,0,0,21.2,23,13,4,5,16,6.6,1.29,-0.2
Quinn PriesterPIT,SP,10,6,2,5.04,2,6,0,0,44.2,52,25,7,13,31,6.2,1.46,-0.2
Dan AltavillaKC,RP,5,1,0,14.73,0,1,0,0,3.2,5,6,1,3,5,12.3,2.18,-0.3
Jhonathan DiazSEA,RP,4,1,0,6.14,0,1,0,0,7.1,13,5,2,2,7,8.6,2.05,-0.3
Michael TonkinMIN/NYM/NYY,RP,50,0,0,3.73,4,4,2,1,72.1,62,30,6,28,77,9.6,1.24,-0.3
Ryan BoruckiPIT,RP,8,0,0,8.1,0,0,0,3,6.2,8,6,2,1,10,13.5,1.35,-0.3
Elieser HernandezLAD/MIL,RP,9,1,1,6.32,0,1,0,0,15.2,14,11,5,5,8,4.6,1.21,-0.3
Michael PetersenLAD,RP,11,0,0,6.43,3,0,0,1,14,14,10,3,8,11,7.1,1.57,-0.3
Kai-Wei TengSF,RP,4,0,0,9.82,0,0,0,0,11,15,12,2,8,7,5.7,2.09,-0.3
Gavin WilliamsCLE,SP,14,14,3,5.23,3,9,0,0,65.1,63,38,7,28,69,9.5,1.39,-0.3
Tyler WellsBAL,SP,3,3,1,5.87,0,2,0,0,15.1,18,10,3,3,13,7.6,1.37,-0.3
Easton LucasOAK/DET,RP,6,0,0,10.29,1,0,0,0,7,11,8,0,5,8,10.3,2.29,-0.3
Paolo EspinoTOR,RP,3,1,0,8.31,0,1,0,0,8.2,14,8,3,5,3,3.1,2.19,-0.3
Emmanuel RamirezMIA,RP,15,0,0,6.97,0,1,0,0,20.2,21,16,3,8,21,9.1,1.4,-0.3
Clayton KershawLAD,SP,7,7,1,4.5,2,2,0,0,30,36,15,2,9,24,7.2,1.5,-0.3
Steven OkertMIN,RP,44,1,0,5.09,3,2,1,7,35.1,37,20,6,16,33,8.4,1.5,-0.3
Giovanny GallegosSTL,RP,21,0,0,6.53,2,1,1,2,20.2,24,15,6,10,21,9.1,1.65,-0.3
Owen WhiteTEX,RP,3,0,0,24,0,0,0,0,3,9,8,1,1,0,0,3.33,-0.3
Zach PlesacLAA,SP,3,3,1,8.25,1,1,0,0,12,12,11,4,7,5,3.8,1.58,-0.3
Andrew SaalfrankARI,RP,2,0,0,36,0,0,0,0,1,2,4,0,4,0,0,6,-0.3
Austin PruittTEX,RP,4,0,0,12.46,0,0,0,1,4.1,8,6,3,3,1,2.1,2.54,-0.3
Kent EmanuelMIA,RP,12,0,0,6.62,0,0,0,0,17.2,20,13,4,7,12,6.1,1.53,-0.3
Joey CantilloCLE,SP,6,5,1,5.96,1,3,0,0,25.2,23,17,6,9,25,8.8,1.25,-0.3
Justin BruihlPIT,RP,7,0,0,9.53,0,0,0,0,5.2,9,6,1,1,5,7.9,1.76,-0.3
Alek ManoahTOR,SP,5,5,2,3.7,1,2,0,0,24.1,17,10,5,8,26,9.6,1.03,-0.3
Nick MearsCOL/MIL,RP,52,0,0,5.79,1,5,0,13,56,60,36,6,23,73,11.7,1.48,-0.3
Bailey HornBOS,RP,15,0,0,6.35,1,1,0,3,17,20,12,4,7,13,6.9,1.59,-0.3
Jordan WicksCHC,SP,10,9,1,5.27,2,3,0,0,41,48,24,6,18,38,8.3,1.61,-0.3
Nick AvilaSF,RP,8,0,0,8.49,1,0,0,0,11.2,17,11,2,3,14,10.8,1.71,-0.3
Victor MederosLAA,RP,4,0,0,11.81,0,1,0,0,5.1,7,7,1,6,5,8.4,2.44,-0.3
Touki ToussaintCHW,RP,11,0,0,7.43,1,2,0,1,23,35,19,3,18,26,10.2,2.3,-0.3
Dillon TateBAL,RP,29,0,0,4.59,2,1,1,2,33.1,38,17,2,9,23,6.2,1.41,-0.3
Jordan RomanoTOR,RP,15,0,0,6.59,1,2,8,0,13.2,16,10,4,4,13,8.6,1.46,-0.3
John BrebbiaCHW/ATL,RP,57,0,0,5.7,0,6,2,14,53.2,53,34,9,19,63,10.6,1.34,-0.3
J.P. FeyereisenLAD,RP,10,0,0,8.18,0,1,1,0,11,11,10,3,5,9,7.4,1.45,-0.3
Jhoan DuranMIN,RP,53,0,0,4.1,6,9,23,6,48.1,43,22,4,13,56,10.4,1.16,-0.3
Parker MushinskiHOU,RP,10,0,0,6.55,0,0,0,1,11,11,8,1,5,3,2.5,1.45,-0.3
Blair HenleyHOU,SP,1,1,0,135,0,0,0,0,0.1,4,5,0,3,0,0,21,-0.3
Jordan LeasureCHW,RP,33,0,0,6.32,0,2,2,9,31.1,32,22,6,18,26,7.5,1.6,-0.3
Dany JimenezOAK,RP,25,0,0,4.91,1,3,1,5,25.2,21,14,6,19,25,8.8,1.56,-0.3
Will KleinOAK/KC,RP,8,0,0,11.05,1,0,0,0,7.1,12,9,0,6,7,8.6,2.45,-0.3
Kody FunderburkMIN,RP,26,0,0,5.61,1,0,1,5,33.2,36,21,4,15,31,8.3,1.51,-0.3
Miles MikolasSTL,SP,29,29,14,5.55,8,11,0,0,155.2,180,96,23,24,110,6.4,1.31,-0.3
Trevor RichardsTOR/MIN,RP,55,2,0,4.55,2,2,1,7,65.1,44,33,7,35,62,8.5,1.21,-0.3
Davis DanielLAA,SP,6,6,1,6.23,1,4,0,0,30.1,39,21,5,6,28,8.3,1.48,-0.3
Geoff HartliebCOL,RP,5,0,0,9,0,0,0,1,9,13,9,1,4,7,7,1.89,-0.4
Joey WentzPIT/DET,RP,40,0,0,5.4,1,2,1,2,58.1,63,35,8,29,64,9.9,1.58,-0.4
Hayden WesneskiCHC,RP,25,7,3,3.94,3,6,0,2,61.2,53,27,11,21,58,8.5,1.2,-0.4
Julian MerryweatherCHC,RP,15,0,0,6.6,1,1,0,2,15,18,11,0,9,14,8.4,1.8,-0.4
Ty AdcockNYM,RP,3,0,0,14.54,0,0,0,1,4.1,7,7,4,2,3,6.2,2.08,-0.4
Riley PintCOL,RP,4,0,0,21.6,0,0,0,0,3.1,5,8,2,5,7,18.9,3,-0.4
Riley O'BrienSTL,RP,7,0,0,12,0,0,0,0,6,9,8,2,7,8,12,2.67,-0.4
Seth JohnsonPHI,SP,1,1,0,34.71,0,1,0,0,2.1,8,9,1,3,0,0,4.71,-0.4
Carlos RodriguezMIL,SP,3,3,0,7.3,0,3,0,0,12.1,19,10,3,3,9,6.6,1.78,-0.4
Craig KimbrelBAL,RP,56,0,0,4.35,7,5,23,4,51.2,37,25,7,29,71,12.4,1.28,-0.4
Luis GarciaBOS/LAA,RP,56,0,0,5.07,5,1,4,14,55,58,31,8,15,51,8.3,1.33,-0.4
Jonathan HernandezSEA/TEX,RP,29,1,0,5.4,3,1,0,0,43.1,41,26,6,28,39,8.1,1.59,-0.4
Lucas GilbreathCOL,RP,3,0,0,54,0,0,0,0,1,7,6,1,1,0,0,8,-0.4
Matt MooreLAA,RP,51,0,0,5.03,5,3,1,10,48.1,39,27,11,26,41,7.6,1.34,-0.4
Jose CisneroLAA,RP,15,0,0,6.89,0,0,0,1,15.2,18,12,4,8,17,9.8,1.66,-0.4
Gabe SpeierSEA,RP,26,0,0,5.66,0,2,0,6,20.2,16,13,2,12,28,12.2,1.35,-0.4
Cole WinnTEX,RP,13,0,0,7.79,0,1,0,0,17.1,18,15,2,4,14,7.3,1.27,-0.4
Abner UribeMIL,RP,14,0,0,6.91,2,2,3,0,14.1,15,11,1,12,14,8.8,1.88,-0.4
Matt KochCOL,RP,2,0,0,81,0,0,1,0,0.1,3,3,1,1,0,0,12,-0.4
Steven MatzSTL,SP,8,7,0,5.94,1,2,0,0,36.1,42,24,6,13,28,6.9,1.51,-0.5
Peter LambertCOL,RP,28,3,0,5.72,2,5,0,1,61.1,73,39,7,29,50,7.3,1.66,-0.5
Michael GroveLAD,RP,37,2,0,4.94,4,3,0,7,47.1,42,26,5,15,53,10.1,1.2,-0.5
Tyler MatzekATL,RP,11,0,0,9.9,0,0,0,3,10,16,11,3,3,10,9,1.9,-0.5
Darius VinesATL,SP,4,2,0,8.56,0,1,0,0,13.2,21,13,4,4,9,5.9,1.83,-0.5
Domingo GermanPIT,RP,7,2,1,7.84,0,1,0,0,20.2,25,18,4,13,18,7.8,1.84,-0.5
Austin KitchenMIA,RP,4,1,0,14.14,0,1,0,0,7,16,11,1,3,4,5.1,2.71,-0.5
Joely RodriguezBOS,RP,14,0,0,5.93,0,1,0,4,13.2,19,9,3,2,12,7.9,1.54,-0.5
Triston McKenzieCLE,SP,16,16,3,5.11,3,5,0,0,75.2,69,43,19,49,74,8.8,1.56,-0.5
Joe KellyLAD,RP,31,0,0,5.2,1,1,0,13,27.2,30,16,4,14,30,9.8,1.59,-0.5
Erik SwansonTOR,RP,37,0,0,5.97,1,2,0,8,31.2,34,21,10,13,28,8,1.48,-0.5
Darren McCaughanCLE/MIA,RP,8,3,0,7.06,0,0,0,1,29.1,41,23,6,12,15,4.6,1.81,-0.5
J.P. FranceHOU,SP,5,5,0,7.46,0,3,0,0,25.1,31,21,5,12,22,7.8,1.7,-0.5
Ricardo PintoPHI,RP,6,0,0,10.97,0,0,1,0,10.2,19,13,2,5,8,6.8,2.25,-0.5
Jose CuasTOR/CHC,RP,13,0,0,7.71,0,0,0,0,16.1,19,14,4,10,17,9.4,1.78,-0.5
Hoby MilnerMIL,RP,54,1,0,4.88,4,1,1,4,55.1,58,30,6,14,56,9.1,1.3,-0.5
Mark Leiter Jr.CHC/NYY,RP,55,0,0,4.67,3,5,0,15,52,50,27,7,19,75,13,1.33,-0.5
Emerson HancockSEA,SP,9,9,4,4.76,3,4,0,0,45.1,46,24,8,14,28,5.6,1.32,-0.5
Luke JacksonSF/ATL,RP,48,0,0,5.44,4,3,0,3,48,49,29,7,23,52,9.8,1.5,-0.5
Matt CarasitiCOL,RP,7,0,0,10.38,0,1,0,2,8.2,16,10,2,3,7,7.3,2.19,-0.5
Colten BrewerCHC,RP,16,0,0,5.66,0,0,1,1,20.2,24,13,1,9,22,9.6,1.6,-0.5
Josiah GrayWSH,SP,2,2,0,14.04,0,2,0,0,8.1,15,13,2,5,9,9.7,2.4,-0.5
James McArthurKC,RP,55,0,0,5.01,5,7,18,2,55.2,66,31,8,12,48,7.8,1.4,-0.6
Brandon HughesARI,RP,12,2,0,10.29,0,0,0,0,14,23,16,8,7,18,11.6,2.14,-0.6
Sixto SanchezMIA,SP,14,7,0,6.06,0,3,0,1,35.2,43,24,3,14,17,4.3,1.6,-0.6
Camilo DovalSF,RP,55,0,0,5.02,5,2,22,3,52,49,29,5,36,68,11.8,1.63,-0.6
Mitch WhiteTOR/SF/MIL,RP,13,0,0,7.23,1,1,0,0,23.2,26,19,4,13,13,4.9,1.65,-0.6
Chris StrattonKC,RP,56,0,0,5.34,4,3,4,5,57.1,50,34,5,33,44,6.9,1.45,-0.6
Cole IrvinBAL,SP,25,16,4,4.86,6,5,1,1,107.1,126,58,17,25,76,6.4,1.41,-0.6
Spencer HowardSF/CLE,RP,9,3,0,6.21,1,2,0,0,29,44,20,5,14,27,8.4,2,-0.6
Justin WrobleskiLAD,SP,7,6,0,6.4,1,2,0,0,32.1,32,23,9,14,22,6.1,1.42,-0.6
Chase AndersonBOS/TEX,RP,29,1,0,5.4,0,2,3,0,58.1,55,35,12,21,42,6.5,1.3,-0.6
Adbert AlzolayCHC,RP,18,0,0,4.67,1,4,4,1,17.1,19,9,6,6,13,6.8,1.44,-0.6
Alex LangeDET,RP,21,0,0,4.34,0,3,2,1,18.2,16,9,0,17,21,10.1,1.77,-0.6
Allan WinansATL,SP,2,2,0,15.26,0,2,0,0,7.2,14,13,3,4,4,4.7,2.35,-0.6
Hurston WaldrepATL,SP,2,2,0,16.71,0,1,0,0,7,9,13,3,8,3,3.9,2.43,-0.6
Adam MazurSD,SP,8,8,1,7.49,1,3,0,0,33.2,40,28,6,21,22,5.9,1.81,-0.6
Steven WilsonCHW,RP,40,0,0,5.71,1,6,0,9,34.2,29,22,8,26,34,8.8,1.59,-0.6
Ryne StanekSEA/NYM,RP,59,0,0,4.91,7,3,7,17,51.1,44,28,7,24,60,10.5,1.32,-0.6
Dominic LeoneCHW,RP,23,0,0,6.63,0,2,0,4,19,20,14,4,14,17,8.1,1.79,-0.6
Luis FriasTOR/ARI,RP,9,0,0,12.38,0,1,0,0,8,16,11,1,4,9,10.1,2.5,-0.6
Jonathan HeasleyBAL,RP,4,0,0,16.88,0,1,0,0,5.1,10,10,2,3,4,6.8,2.44,-0.6
Anthony MolinaCOL,RP,32,1,0,6.96,1,1,0,2,53,65,41,4,22,35,5.9,1.64,-0.6
Dane DunningTEX,SP,24,14,2,5.38,4,7,0,0,90.1,90,54,17,39,85,8.5,1.43,-0.6
Zack ThompsonSTL,RP,5,2,0,9.53,0,2,0,0,17,24,18,6,8,20,10.6,1.88,-0.6
Jay JacksonMIN,RP,20,0,0,7.52,1,2,0,1,26.1,28,22,7,9,29,9.9,1.41,-0.7
Adam CimberLAA,RP,28,0,0,7.03,3,0,0,8,24.1,20,19,1,14,19,7,1.4,-0.7
Zebby MatthewsMIN,SP,6,6,0,7.11,1,3,0,0,25.1,37,20,8,5,27,9.6,1.66,-0.7
Mason BlackSF,SP,6,5,0,7.5,0,3,0,0,24,31,20,6,8,22,8.3,1.63,-0.7
Patrick CorbinWSH,SP,29,29,8,5.6,5,13,0,0,159,191,99,23,51,126,7.1,1.52,-0.7
Tyler PhillipsPHI,SP,8,7,2,6.87,4,1,0,0,36.2,45,28,9,7,28,6.9,1.42,-0.7
Caleb ThielbarMIN,RP,51,0,0,5.62,2,3,3,10,41.2,45,26,5,19,49,10.6,1.54,-0.7
Shaun AndersonTEX/MIA,SP,5,2,0,9.64,0,2,0,0,14,31,15,3,1,9,5.8,2.29,-0.7
Deivi GarciaCHW,RP,14,0,0,7.07,1,2,1,0,14,16,11,2,11,15,9.6,1.93,-0.7
Daulton JefferiesPIT/SF,RP,6,1,0,9.82,0,2,0,0,14.2,24,16,4,4,12,7.4,1.91,-0.7
Yunior MartePHI,RP,23,0,0,6.92,0,0,0,2,26,34,20,5,15,23,8,1.88,-0.7
Michael MercadoPHI,SP,5,2,0,11.08,1,2,0,0,13,16,16,9,9,10,6.9,1.92,-0.7
Tyler BeedeCLE,RP,13,0,0,8.36,1,0,0,2,14,16,13,2,9,18,11.6,1.79,-0.7
Mike BaumannBAL/SEA/LAA/SF/MIA,RP,52,0,0,5.61,3,1,0,8,51.1,53,32,8,25,48,8.4,1.52,-0.7
Ben HellerPIT,RP,8,0,0,11.25,0,1,0,0,12,19,15,1,6,15,11.3,2.08,-0.7
Joe BoyleOAK,SP,11,10,1,7.12,3,6,0,1,43,39,34,4,36,49,10.3,1.74,-0.7
Bryce ElderATL,SP,10,10,3,6.52,2,5,0,0,49.2,64,36,8,17,46,8.3,1.63,-0.7
Ty BlachCOL,SP,20,12,2,6.94,3,8,0,0,71.1,103,55,17,18,36,4.5,1.7,-0.7
Yerry RodriguezTEX/TOR,RP,16,0,0,8.72,1,0,0,0,21.2,26,21,7,13,17,7.1,1.8,-0.7
Connor BrogdonPHI/LAD,RP,4,0,0,24,0,1,0,0,3,5,8,4,6,3,9,3.67,-0.8
Dakota HudsonCOL,SP,18,18,4,6.17,2,12,0,0,89,99,61,11,50,49,5,1.67,-0.8
Chris DevenskiTB,RP,19,0,0,6.75,2,1,0,0,26.2,28,20,9,14,24,8.1,1.58,-0.8
Nick NastriniCHW,SP,9,8,1,7.07,0,7,0,0,35.2,32,28,7,36,26,6.6,1.91,-0.8
Jake DiekmanNYM,RP,43,0,0,5.63,2,3,4,8,32,23,20,7,24,40,11.3,1.47,-0.8
Tommy HenryARI,SP,9,7,1,7.04,2,3,0,0,38.1,49,30,9,18,30,7,1.75,-0.8
Scott McGoughARI,RP,23,2,0,6.83,1,3,0,1,29,28,22,5,19,20,6.2,1.62,-0.9
Will SmithKC,RP,45,0,0,6.53,0,4,1,8,41.1,45,30,7,15,29,6.3,1.45,-0.9
David BednarPIT,RP,55,0,0,5.92,3,7,23,2,51.2,51,34,8,22,53,9.2,1.41,-0.9
Matt FestaTEX/NYM,RP,12,0,0,7.53,4,1,0,0,14.1,12,12,1,6,14,8.8,1.26,-0.9
Jose SuarezLAA,RP,19,1,0,7.51,1,2,1,0,38.1,44,32,5,23,41,9.6,1.75,-0.9
Tom CosgroveSD,RP,18,0,0,11.66,0,1,0,2,14.2,23,19,3,6,15,9.2,1.98,-0.9
Adrian HouserNYM,RP,23,7,0,5.84,1,5,1,1,69.1,74,45,8,32,45,5.8,1.53,-0.9
Louie VarlandMIN,SP,10,7,1,7.46,0,6,0,0,41,56,34,10,13,36,7.9,1.68,-0.9
Cade PovichBAL,SP,13,13,3,5.91,2,8,0,0,64,74,42,11,28,52,7.3,1.59,-0.9
Roddery MunozMIA,SP,18,17,2,6.53,2,7,0,0,82.2,89,60,26,42,70,7.6,1.58,-1
Will WarrenNYY,SP,5,5,0,9.55,0,3,0,0,21.2,31,23,4,9,26,10.8,1.85,-1
Logan AllenCLE,SP,20,20,5,5.73,8,5,0,0,97.1,113,62,22,41,79,7.3,1.58,-1
Jordan WeemsWSH,RP,41,0,0,6.7,1,1,0,5,41.2,49,31,7,24,35,7.6,1.75,-1
Slade CecconiARI,SP,20,13,3,6.66,2,7,0,0,77,92,57,16,17,64,7.5,1.42,-1.1
Yohan RamirezBAL/BOS/LAD/NYM,RP,38,0,0,6.2,0,5,1,3,45,49,31,4,17,45,9,1.47,-1.1
Taijuan WalkerPHI,SP,16,14,2,6.54,3,6,0,0,75.2,94,55,20,31,55,6.5,1.65,-1.1
Tanner GordonCOL,SP,8,8,1,8.65,0,6,0,0,34.1,53,33,10,6,26,6.8,1.72,-1.1
Grant AndersonTEX,RP,23,0,0,8.1,0,1,1,1,26.2,33,24,11,10,29,9.8,1.61,-1.1
Keaton WinnSF,SP,12,12,4,7.16,3,8,0,0,55.1,56,44,9,20,48,7.8,1.37,-1.1
Carlos CarrascoCLE,SP,21,21,4,5.64,3,10,0,0,103.2,112,65,19,33,89,7.7,1.4,-1.1
Ross StriplingOAK,SP,21,14,2,6.08,2,11,0,1,84.1,109,57,7,21,49,5.2,1.54,-1.2
Jake WoodfordPIT/CHW,SP,8,6,1,8.01,0,6,0,0,30.1,40,27,5,9,21,6.2,1.62,-1.2
Justin LawrenceCOL,RP,52,0,0,5.66,4,4,2,5,55.2,63,35,7,28,39,6.3,1.63,-1.2
Isaiah CampbellBOS,RP,8,0,0,16.2,0,1,0,2,6.2,14,12,3,2,6,8.1,2.4,-1.2
Walker BuehlerLAD,SP,13,13,2,5.95,1,5,0,0,59,76,39,15,21,49,7.5,1.64,-1.3
Kenta MaedaDET,SP,26,16,2,5.92,3,6,0,1,103.1,117,68,20,29,84,7.3,1.41,-1.3
Zach PopTOR,RP,53,0,0,5.8,1,4,1,12,45,44,29,8,17,31,6.2,1.36,-1.3
Jack LeiterTEX,SP,6,6,0,10.41,0,2,0,0,23.1,33,27,4,10,19,7.3,1.84,-1.4
Jordan MontgomeryARI,SP,23,19,6,6.25,8,6,1,0,108,137,75,13,40,73,6.1,1.64,-1.4
Tim MayzaTOR/NYY,RP,45,0,0,7.46,0,2,0,8,35,47,29,4,13,22,5.7,1.71,-1.5
Bobby MillerLAD,SP,12,12,2,8.17,2,4,0,0,54,62,49,17,29,50,8.3,1.69,-1.7
Kyle HendricksCHC,SP,26,21,3,6.51,3,11,0,0,112,134,81,20,37,76,6.1,1.53,-1.9